incident_id,latitude,longitude,crime_type,date,time,weather_condition,severity_index
NYPD-789141,40.793532,-73.922233,Vandalism,1/24/2023,23:29,Fog,3
NYPD-859000,40.611436,-73.947877,Assault,7/4/2023,3:16,Rain,10
NYPD-944293,40.707511,-73.985858,Theft,12/31/2023,11:58,Fog,2
NYPD-745222,40.716601,-73.980859,Theft,11/4/2023,19:25,Clear,1
NYPD-373944,40.719224,-73.993188,Vandalism,7/13/2023,9:35,Clear,1
NYPD-681807,40.717878,-73.997257,Burglary,8/6/2023,23:46,Clear,3
NYPD-692844,40.720489,-74.020027,Theft,6/22/2023,7:59,Clear,4
NYPD-297292,40.718965,-74.025977,Vandalism,3/19/2023,10:39,Clear,3
NYPD-467420,40.699976,-74.028772,Narcotics,2/26/2023,19:14,Rain,2
NYPD-367969,40.787662,-73.926397,Vandalism,7/23/2023,22:24,Snow,4
NYPD-658755,40.718996,-74.025895,Assault,9/8/2023,0:06,Clear,5
NYPD-331137,40.796356,-73.954443,Narcotics,10/7/2023,1:30,Rain,2
NYPD-231663,40.716997,-74.01442,Theft,12/5/2023,20:44,Clear,1
NYPD-415505,40.705436,-74.034985,Narcotics,3/21/2023,20:25,Rain,4
NYPD-366527,40.697927,-74.014067,Robbery,5/23/2023,19:17,Snow,5
NYPD-492424,40.712282,-74.000551,Robbery,5/20/2023,4:41,Clear,7
NYPD-175664,40.733556,-74.035841,Assault,6/20/2023,0:00,Clear,6
NYPD-749389,40.66122,-73.962293,Narcotics,10/20/2023,20:23,Clear,4
NYPD-929736,40.875422,-73.927901,Theft,6/20/2023,18:17,Snow,3
NYPD-278372,40.739765,-74.016793,Theft,10/18/2023,11:26,Snow,2
NYPD-645701,40.868837,-73.887164,Assault,1/11/2023,18:40,Clear,8
NYPD-128291,40.693349,-74.02602,Vandalism,3/5/2023,20:22,Clear,2
NYPD-271176,40.731472,-73.997601,Theft,7/12/2023,5:53,Fog,4
NYPD-361138,40.721856,-74.013079,Theft,12/5/2023,17:25,Rain,3
NYPD-792613,40.710811,-74.020297,Assault,3/23/2023,18:24,Clear,6
NYPD-832432,40.725109,-73.983711,Assault,2/2/2023,5:07,Clear,9
NYPD-497934,40.806254,-73.961384,Narcotics,7/26/2023,8:59,Clear,4
NYPD-853534,40.854358,-74.066073,Vandalism,11/16/2023,11:36,Clear,1
NYPD-216162,40.780923,-74.043463,Burglary,3/19/2023,0:36,Rain,4
NYPD-478357,40.709735,-74.030178,Assault,6/17/2023,22:26,Rain,9
NYPD-929571,40.800881,-73.964598,Vandalism,5/10/2023,12:44,Clear,3
NYPD-374850,40.728474,-73.992649,Narcotics,9/7/2023,14:58,Rain,5
NYPD-212580,40.714398,-74.017086,Vandalism,11/8/2023,13:50,Rain,5
NYPD-332283,40.820541,-73.944416,Vandalism,11/17/2023,18:49,Clear,1
NYPD-185108,40.652502,-74.038579,Burglary,3/2/2023,1:11,Snow,1
NYPD-651367,40.725624,-73.9937,Burglary,11/5/2023,21:41,Clear,1
NYPD-813511,40.822099,-73.96342,Theft,11/6/2023,9:25,Rain,3
NYPD-482546,40.779958,-73.919976,Theft,12/4/2023,17:31,Snow,3
NYPD-571588,40.6951,-74.013724,Vandalism,11/15/2023,17:43,Clear,1
NYPD-140156,40.723956,-73.998643,Assault,11/25/2023,3:08,Rain,7
NYPD-748196,40.743896,-73.953735,Assault,7/25/2023,4:41,Rain,10
NYPD-516180,40.728702,-74.03957,Theft,6/7/2023,18:19,Fog,5
NYPD-929276,40.7181,-73.994762,Vandalism,9/18/2023,12:51,Rain,5
NYPD-714969,40.71385,-73.99571,Theft,8/28/2023,21:26,Rain,3
NYPD-339780,40.710804,-74.014061,Assault,9/1/2023,18:21,Rain,8
NYPD-542094,40.722462,-73.995221,Vandalism,1/25/2023,5:49,Clear,1
NYPD-284309,40.728622,-74.01483,Theft,10/1/2023,23:53,Clear,3
NYPD-364695,40.698971,-74.016761,Burglary,2/21/2023,21:51,Rain,4
NYPD-562032,40.73486,-74.009745,Theft,5/18/2023,0:56,Clear,2
NYPD-455378,40.716512,-74.014254,Assault,8/9/2023,18:09,Clear,9
NYPD-872374,40.833552,-73.90761,Theft,3/28/2023,12:13,Clear,1
NYPD-193379,40.715896,-73.972654,Assault,6/10/2023,20:58,Clear,7
NYPD-302481,40.738672,-74.000323,Theft,8/28/2023,21:30,Clear,2
NYPD-613183,40.728376,-74.010988,Theft,1/24/2023,6:05,Clear,4
NYPD-782716,40.726489,-73.996228,Theft,10/3/2023,2:40,Clear,4
NYPD-537286,40.689765,-74.026909,Theft,8/3/2023,15:57,Fog,5
NYPD-984613,40.785943,-73.948301,Burglary,12/21/2023,1:44,Rain,2
NYPD-534965,40.720847,-74.00539,Theft,1/30/2023,4:32,Clear,4
NYPD-463492,40.709934,-73.99657,Assault,10/24/2023,19:54,Fog,6
NYPD-897742,40.731199,-74.010423,Theft,5/14/2023,20:41,Rain,2
NYPD-238656,40.706386,-73.966017,Theft,9/18/2023,19:00,Clear,2
NYPD-922821,40.895447,-74.069098,Burglary,4/9/2023,19:09,Clear,1
NYPD-886150,40.731973,-74.009243,Assault,5/12/2023,23:56,Clear,8
NYPD-410113,40.708564,-74.014695,Narcotics,8/8/2023,10:16,Clear,3
NYPD-837536,40.886182,-73.959839,Theft,3/12/2023,7:39,Clear,4
NYPD-431298,40.692175,-73.987657,Theft,6/3/2023,11:31,Clear,1
NYPD-662660,40.709729,-73.997864,Assault,8/31/2023,4:45,Clear,6
NYPD-662896,40.723428,-73.980997,Vandalism,5/18/2023,17:50,Fog,3
NYPD-125113,40.731858,-74.006634,Theft,10/25/2023,7:21,Snow,3
NYPD-731284,40.684497,-73.930433,Assault,1/15/2023,1:54,Clear,6
NYPD-521363,40.812055,-73.949886,Burglary,8/10/2023,23:12,Fog,3
NYPD-503965,40.602921,-74.016593,Burglary,2/12/2023,18:35,Rain,3
NYPD-583447,40.704677,-73.984766,Theft,6/22/2023,16:53,Clear,4
NYPD-213255,40.846156,-74.054629,Theft,10/1/2023,15:15,Rain,4
NYPD-737826,40.794102,-73.960451,Vandalism,11/9/2023,20:51,Clear,2
NYPD-584713,40.649823,-74.009152,Theft,8/20/2023,23:19,Clear,2
NYPD-113968,40.694638,-74.003081,Assault,11/18/2023,22:01,Rain,8
NYPD-267347,40.717998,-74.01129,Assault,8/2/2023,5:01,Rain,9
NYPD-514963,40.707461,-74.02984,Vandalism,3/9/2023,3:28,Clear,1
NYPD-995221,40.805908,-73.956796,Theft,6/25/2023,8:31,Rain,4
NYPD-358018,40.69032,-73.993379,Burglary,11/27/2023,20:43,Clear,1
NYPD-485514,40.827537,-73.925262,Theft,1/28/2023,21:27,Rain,4
NYPD-365991,40.715943,-74.01668,Theft,11/6/2023,20:16,Clear,3
NYPD-676452,40.81714,-73.985077,Narcotics,5/28/2023,19:25,Fog,4
NYPD-295524,40.678865,-74.011113,Robbery,4/8/2023,1:31,Clear,6
NYPD-390348,40.601831,-74.046151,Burglary,12/5/2023,0:28,Rain,2
NYPD-448973,40.724152,-74.019585,Theft,4/12/2023,20:29,Clear,1
NYPD-187941,40.717326,-74.016791,Robbery,5/10/2023,23:23,Snow,8
NYPD-352399,40.804452,-73.949044,Theft,8/29/2023,18:04,Rain,5
NYPD-469115,40.834268,-73.947627,Theft,6/17/2023,14:49,Clear,3
NYPD-447372,40.63326,-74.014558,Theft,4/29/2023,4:06,Clear,4
NYPD-788129,40.891858,-73.990936,Burglary,3/11/2023,1:04,Clear,2
NYPD-462928,40.766463,-73.879899,Assault,9/29/2023,2:58,Rain,6
NYPD-695158,40.709943,-74.018753,Burglary,12/9/2023,22:41,Snow,4
NYPD-772336,40.698169,-74.007941,Narcotics,2/2/2023,13:47,Clear,3
NYPD-324440,40.713555,-73.99268,Theft,4/5/2023,22:34,Clear,2
NYPD-361789,40.79652,-73.962984,Theft,12/14/2023,19:14,Fog,3
NYPD-737593,40.738264,-74.023538,Vandalism,3/14/2023,17:12,Rain,3
NYPD-175785,40.688271,-74.029697,Theft,11/8/2023,8:53,Snow,4
NYPD-684461,40.709903,-74.00105,Burglary,7/9/2023,5:05,Fog,5
NYPD-649359,40.72356,-74.001411,Theft,10/12/2023,19:45,Clear,3
NYPD-580353,40.699636,-74.01222,Narcotics,6/25/2023,16:50,Fog,3
NYPD-267078,40.696597,-74.003048,Assault,4/10/2023,1:06,Clear,6
NYPD-787626,40.69622,-73.980391,Narcotics,7/18/2023,18:18,Clear,3
NYPD-134662,40.780439,-73.924372,Theft,3/20/2023,7:38,Clear,3
NYPD-420572,40.685258,-73.999025,Theft,10/5/2023,7:49,Clear,2
NYPD-318074,40.703647,-74.023791,Theft,8/14/2023,20:32,Clear,2
NYPD-175383,40.79318,-73.950762,Theft,4/23/2023,20:15,Clear,3
NYPD-972612,40.713696,-73.99608,Assault,11/22/2023,2:56,Clear,8
NYPD-347479,40.79572,-73.968396,Theft,2/27/2023,23:04,Fog,5
NYPD-987013,40.704258,-73.971781,Burglary,1/5/2023,23:53,Fog,3
NYPD-847981,40.700717,-74.031762,Burglary,11/8/2023,2:12,Clear,4
NYPD-772334,40.69672,-73.995301,Burglary,2/18/2023,1:36,Clear,1
NYPD-970984,40.685074,-73.950897,Theft,6/8/2023,21:56,Snow,3
NYPD-682914,40.852131,-73.961642,Burglary,1/1/2024,19:48,Rain,3
NYPD-595874,40.725981,-73.998867,Theft,1/28/2023,14:09,Rain,5
NYPD-763524,40.718599,-74.012213,Assault,5/2/2023,2:08,Clear,5
NYPD-849876,40.691471,-73.980098,Vandalism,3/27/2023,21:35,Rain,5
NYPD-563408,40.706462,-74.014059,Assault,6/30/2023,4:51,Rain,8
NYPD-805885,40.864915,-73.856876,Assault,12/6/2023,5:54,Clear,7
NYPD-872608,40.81781,-73.925153,Theft,4/9/2023,20:56,Clear,1
NYPD-788095,40.707159,-74.002923,Assault,10/27/2023,23:16,Snow,8
NYPD-969056,40.709907,-74.026705,Theft,12/12/2023,4:00,Clear,4
NYPD-128160,40.703481,-74.018694,Robbery,7/25/2023,18:36,Clear,10
NYPD-335201,40.714471,-73.971827,Theft,7/15/2023,14:41,Fog,5
NYPD-441885,40.71802,-74.013441,Narcotics,6/15/2023,1:00,Clear,4
NYPD-463664,40.726764,-74.007366,Theft,11/17/2023,12:00,Rain,3
NYPD-622990,40.804926,-73.974411,Theft,2/14/2023,23:58,Rain,2
NYPD-132858,40.799333,-73.950297,Vandalism,9/12/2023,16:24,Clear,2
NYPD-420935,40.815698,-73.952679,Theft,11/19/2023,18:53,Clear,2
NYPD-315302,40.723879,-74.009569,Assault,6/19/2023,23:12,Clear,5
NYPD-966947,40.706506,-73.990466,Vandalism,2/15/2023,1:32,Snow,3
NYPD-565043,40.707005,-74.03536,Theft,11/21/2023,23:04,Clear,1
NYPD-744151,40.611702,-73.952934,Vandalism,5/23/2023,17:53,Clear,1
NYPD-125819,40.723296,-73.978374,Theft,7/31/2023,0:42,Snow,2
NYPD-836824,40.75925,-73.818143,Robbery,1/21/2023,19:43,Fog,10
NYPD-341407,40.762333,-73.957148,Theft,6/4/2023,3:15,Clear,1
NYPD-204887,40.700881,-74.020589,Narcotics,8/9/2023,14:52,Snow,2
NYPD-628017,40.785791,-73.938068,Vandalism,6/17/2023,14:43,Clear,1
NYPD-507573,40.721655,-73.996563,Vandalism,1/25/2023,3:50,Clear,4
NYPD-388509,40.799435,-73.958004,Burglary,10/26/2023,22:56,Clear,3
NYPD-458439,40.714246,-74.023087,Burglary,9/27/2023,0:04,Snow,2
NYPD-675775,40.709185,-73.983942,Theft,6/14/2023,17:18,Fog,4
NYPD-126528,40.69665,-73.996596,Narcotics,2/10/2023,23:31,Clear,4
NYPD-102929,40.811466,-73.910079,Burglary,10/21/2023,19:26,Clear,4
NYPD-196086,40.714987,-74.0067,Burglary,3/11/2023,22:44,Fog,3
NYPD-776213,40.711021,-73.999302,Theft,9/16/2023,7:41,Rain,3
NYPD-127159,40.63202,-73.85335,Burglary,11/17/2023,22:45,Fog,4
NYPD-842215,40.705883,-73.984436,Vandalism,10/30/2023,10:08,Rain,5
NYPD-575566,40.72192,-74.017878,Theft,3/31/2023,20:46,Rain,2
NYPD-665334,40.769557,-73.869647,Vandalism,5/6/2023,8:56,Clear,2
NYPD-718995,40.72752,-73.990316,Theft,5/20/2023,3:45,Clear,3
NYPD-784529,40.80191,-73.962324,Theft,1/4/2023,16:13,Clear,1
NYPD-819751,40.882206,-73.999535,Vandalism,5/31/2023,16:50,Rain,3
NYPD-754469,40.787777,-73.927399,Burglary,10/1/2023,3:12,Clear,1
NYPD-751160,40.703874,-74.012897,Theft,2/21/2023,8:01,Snow,3
NYPD-500655,40.892467,-73.862547,Vandalism,1/16/2023,5:24,Clear,2
NYPD-775505,40.697681,-73.991355,Narcotics,11/21/2023,23:33,Clear,3
NYPD-592545,40.789061,-73.948297,Theft,7/27/2023,18:20,Rain,2
NYPD-301855,40.716899,-74.006014,Theft,3/3/2023,12:34,Rain,5
NYPD-252214,40.694706,-73.995309,Burglary,2/28/2023,5:38,Rain,4
NYPD-440633,40.727104,-73.979772,Burglary,5/18/2023,3:21,Fog,2
NYPD-552802,40.717769,-74.006174,Theft,12/5/2023,6:33,Clear,4
NYPD-742637,40.733822,-73.987156,Assault,8/16/2023,19:28,Clear,10
NYPD-987330,40.704612,-74.015069,Vandalism,12/18/2023,14:30,Clear,2
NYPD-799022,40.74158,-74.010029,Theft,7/29/2023,0:48,Rain,2
NYPD-503715,40.850733,-73.960319,Assault,1/19/2023,1:57,Clear,7
NYPD-732035,40.714907,-73.99947,Vandalism,10/1/2023,17:50,Rain,4
NYPD-938849,40.779724,-73.93862,Theft,11/30/2023,19:09,Clear,1
NYPD-500624,40.717619,-73.984809,Theft,3/31/2023,17:41,Snow,1
NYPD-468089,40.712382,-74.005147,Assault,12/23/2023,20:30,Clear,10
NYPD-597432,40.699578,-74.006156,Vandalism,12/18/2023,12:58,Rain,5
NYPD-206997,40.721607,-74.02452,Theft,11/3/2023,13:44,Clear,2
NYPD-435164,40.719064,-74.009243,Vandalism,11/12/2023,12:14,Clear,2
NYPD-880117,40.696578,-74.014812,Theft,1/24/2023,14:15,Clear,2
NYPD-417838,40.719998,-74.006027,Assault,9/28/2023,22:12,Clear,4
NYPD-838656,40.705635,-73.994833,Vandalism,4/19/2023,18:06,Clear,4
NYPD-499033,40.695984,-74.013895,Theft,7/12/2023,3:38,Clear,2
NYPD-807350,40.822389,-73.967071,Assault,9/21/2023,4:52,Rain,6
NYPD-790062,40.781473,-73.94797,Theft,9/25/2023,10:33,Clear,3
NYPD-795918,40.825351,-73.984073,Theft,12/1/2023,11:40,Clear,4
NYPD-511560,40.696764,-73.99641,Burglary,1/5/2023,2:53,Clear,4
NYPD-770597,40.66867,-73.981836,Robbery,4/4/2023,0:06,Clear,8
NYPD-839759,40.791953,-73.959072,Theft,8/19/2023,1:42,Rain,4
NYPD-266413,40.642373,-73.89654,Burglary,3/20/2023,1:18,Clear,4
NYPD-154547,40.735299,-74.007916,Theft,9/17/2023,14:31,Fog,2
NYPD-401712,40.709666,-73.990432,Theft,4/14/2023,21:50,Rain,4
NYPD-243387,40.743657,-74.000959,Theft,8/27/2023,11:41,Snow,3
NYPD-709943,40.720558,-74.02834,Vandalism,7/23/2023,14:15,Clear,4
NYPD-822153,40.720877,-73.991021,Assault,1/2/2023,20:42,Rain,7
NYPD-750675,40.851927,-73.866013,Vandalism,3/11/2023,15:52,Snow,4
NYPD-826045,40.69842,-73.997177,Vandalism,5/15/2023,15:42,Clear,4
NYPD-495851,40.695773,-73.989481,Vandalism,3/15/2023,7:08,Clear,4
NYPD-244872,40.809633,-73.975133,Vandalism,7/29/2023,13:39,Clear,2
NYPD-246745,40.741303,-74.003329,Theft,3/12/2023,0:59,Clear,3
NYPD-787996,40.731003,-73.991714,Theft,10/29/2023,6:12,Clear,4
NYPD-551077,40.767106,-73.923479,Vandalism,12/21/2023,13:18,Clear,3
NYPD-508895,40.704742,-74.000158,Theft,12/20/2023,8:15,Fog,3
NYPD-583693,40.719398,-74.052504,Theft,12/18/2023,23:00,Clear,1
NYPD-716158,40.691625,-74.00738,Narcotics,6/27/2023,12:08,Clear,1
NYPD-432857,40.820656,-74.081764,Theft,10/5/2023,22:01,Clear,3
NYPD-609530,40.820372,-73.928934,Narcotics,12/4/2023,10:57,Rain,3
NYPD-235261,40.687901,-74.022739,Theft,8/9/2023,5:39,Clear,3
NYPD-912765,40.723312,-74.018921,Theft,8/2/2023,11:56,Clear,4
NYPD-719175,40.685801,-74.016129,Assault,4/30/2023,19:26,Clear,7
NYPD-178072,40.714633,-74.009714,Assault,5/26/2023,1:51,Clear,7
NYPD-629153,40.603934,-73.920635,Theft,10/18/2023,11:11,Fog,5
NYPD-743060,40.70701,-74.012647,Vandalism,4/15/2023,3:58,Snow,1
NYPD-916140,40.748661,-73.87267,Vandalism,10/11/2023,22:28,Fog,3
NYPD-776948,40.691441,-74.010808,Theft,10/7/2023,9:15,Clear,1
NYPD-628436,40.729504,-74.006477,Theft,12/15/2023,6:13,Clear,3
NYPD-883905,40.692339,-74.018855,Burglary,7/25/2023,5:48,Rain,2
NYPD-798724,40.72571,-73.987317,Vandalism,2/15/2023,6:08,Clear,1
NYPD-690980,40.697367,-74.01135,Narcotics,5/16/2023,2:56,Clear,4
NYPD-133548,40.699062,-74.008809,Theft,3/17/2023,2:48,Rain,3
NYPD-932475,40.723294,-73.974339,Theft,3/31/2023,12:32,Rain,5
NYPD-476007,40.803883,-73.965006,Burglary,12/12/2023,22:44,Clear,2
NYPD-700263,40.704686,-74.005496,Assault,1/16/2023,21:25,Clear,7
NYPD-769486,40.716377,-74.010066,Robbery,10/1/2023,22:04,Clear,8
NYPD-674113,40.692654,-74.027014,Burglary,11/7/2023,20:10,Clear,1
NYPD-305047,40.714626,-74.011511,Burglary,9/8/2023,18:57,Clear,2
NYPD-772147,40.706462,-74.011742,Theft,5/28/2023,6:03,Clear,1
NYPD-319748,40.685204,-73.991073,Theft,8/26/2023,18:08,Clear,3
NYPD-325552,40.683477,-73.982729,Assault,9/25/2023,1:44,Rain,9
NYPD-983003,40.722128,-74.008873,Vandalism,5/20/2023,5:26,Clear,3
NYPD-239984,40.766667,-73.968715,Theft,5/14/2023,11:41,Fog,4
NYPD-864756,40.717828,-74.025455,Theft,9/4/2023,15:36,Fog,4
NYPD-430604,40.712744,-74.022281,Burglary,9/6/2023,22:35,Clear,1
NYPD-312690,40.782092,-73.949015,Theft,11/8/2023,15:56,Rain,3
NYPD-392001,40.807462,-73.883987,Theft,1/26/2023,11:14,Clear,1
NYPD-600091,40.704159,-74.001136,Narcotics,12/26/2023,21:48,Fog,5
NYPD-417782,40.671916,-74.001022,Assault,12/4/2023,22:23,Clear,4
NYPD-947067,40.640938,-74.036196,Theft,3/9/2023,7:50,Clear,4
NYPD-358301,40.802761,-73.950475,Narcotics,4/7/2023,7:00,Clear,1
NYPD-618982,40.700426,-73.982067,Assault,12/31/2023,21:44,Rain,8
NYPD-228326,40.713184,-74.016991,Theft,5/9/2023,12:09,Fog,3
NYPD-471621,40.678374,-73.970035,Theft,1/3/2023,8:37,Clear,1
NYPD-337038,40.698276,-73.976998,Theft,11/19/2023,16:54,Clear,3
NYPD-454394,40.720378,-74.009747,Theft,5/14/2023,2:43,Clear,4
NYPD-698873,40.699748,-74.003019,Theft,6/18/2023,19:54,Clear,1
NYPD-281589,40.699097,-73.99299,Theft,2/24/2023,20:38,Fog,5
NYPD-533013,40.710658,-74.015046,Theft,1/16/2023,14:13,Clear,1
NYPD-327311,40.787604,-73.950811,Theft,10/29/2023,3:13,Fog,4
NYPD-971680,40.620369,-73.908686,Theft,9/4/2023,0:19,Snow,2
NYPD-966366,40.682634,-73.989291,Theft,10/5/2023,12:35,Snow,1
NYPD-887170,40.70542,-73.994319,Narcotics,6/1/2023,5:14,Clear,2
NYPD-296054,40.720618,-73.989101,Vandalism,12/16/2023,13:24,Clear,3
NYPD-502137,40.701051,-73.999368,Narcotics,6/12/2023,6:31,Rain,5
NYPD-319730,40.706854,-74.004533,Theft,5/2/2023,3:05,Clear,1
NYPD-534765,40.731103,-73.983646,Theft,8/19/2023,10:54,Clear,3
NYPD-115643,40.795883,-73.916896,Narcotics,12/14/2023,4:54,Clear,4
NYPD-807660,40.72528,-74.010656,Burglary,10/20/2023,0:08,Clear,4
NYPD-596546,40.81111,-73.988327,Vandalism,6/29/2023,4:10,Clear,4
NYPD-237888,40.684818,-74.02659,Narcotics,8/19/2023,18:05,Clear,1
NYPD-868753,40.709077,-74.00578,Narcotics,9/10/2023,9:35,Rain,3
NYPD-489853,40.819289,-73.970063,Theft,11/18/2023,1:28,Fog,5
NYPD-582411,40.70826,-74.057652,Theft,2/3/2023,21:15,Clear,4
NYPD-743851,40.714666,-73.984936,Narcotics,6/30/2023,17:10,Clear,4
NYPD-862169,40.813597,-73.930173,Assault,10/7/2023,23:58,Clear,7
NYPD-941591,40.840944,-73.933728,Narcotics,12/22/2023,14:40,Clear,3
NYPD-804152,40.727454,-74.020412,Theft,12/14/2023,20:31,Clear,1
NYPD-196293,40.849509,-74.044531,Assault,3/15/2023,18:45,Rain,6
NYPD-431257,40.706099,-74.007202,Burglary,9/29/2023,23:09,Clear,4
NYPD-486836,40.715633,-74.029655,Narcotics,6/18/2023,7:38,Rain,2
NYPD-629415,40.784367,-73.944265,Vandalism,12/31/2023,1:21,Rain,4
NYPD-540588,40.698089,-74.008731,Burglary,4/8/2023,21:31,Fog,5
NYPD-308564,40.659155,-73.833984,Narcotics,9/27/2023,13:28,Rain,2
NYPD-450695,40.823696,-73.963503,Narcotics,6/26/2023,3:59,Rain,3
NYPD-237426,40.800255,-73.940464,Theft,4/15/2023,9:13,Clear,4
NYPD-334494,40.691296,-73.983162,Burglary,5/16/2023,1:14,Clear,4
NYPD-818591,40.891282,-73.844633,Assault,7/22/2023,23:37,Clear,8
NYPD-737805,40.655592,-73.835162,Theft,12/7/2023,21:13,Clear,3
NYPD-929044,40.710985,-73.995556,Burglary,12/9/2023,23:34,Clear,4
NYPD-817964,40.795613,-73.926623,Assault,1/24/2023,1:09,Clear,7
NYPD-158292,40.737133,-73.967566,Burglary,4/29/2023,2:59,Fog,5
NYPD-515320,40.844645,-73.829562,Theft,8/26/2023,12:26,Clear,4
NYPD-806483,40.706107,-74.000869,Narcotics,1/4/2023,9:33,Clear,4
NYPD-478298,40.714168,-73.999628,Theft,5/17/2023,15:23,Clear,2
NYPD-699146,40.717655,-74.002511,Robbery,7/4/2023,19:47,Fog,5
NYPD-742340,40.78778,-73.923834,Theft,5/19/2023,14:13,Clear,4
NYPD-440159,40.71667,-73.996585,Robbery,12/25/2023,0:56,Clear,5
NYPD-411181,40.731433,-74.027404,Narcotics,12/24/2023,3:53,Clear,1
NYPD-630055,40.851362,-73.853821,Assault,7/22/2023,18:23,Clear,6
NYPD-128996,40.734953,-74.005165,Theft,9/3/2023,17:40,Clear,4
NYPD-765567,40.708991,-73.994213,Burglary,8/2/2023,19:46,Clear,4
NYPD-599825,40.720456,-74.005441,Theft,4/26/2023,3:54,Clear,3
NYPD-323741,40.698387,-74.002612,Vandalism,8/29/2023,14:20,Fog,2
NYPD-811816,40.696526,-74.001136,Theft,4/8/2023,1:18,Clear,4
NYPD-110726,40.693613,-73.983904,Assault,10/28/2023,20:54,Snow,8
NYPD-809584,40.745549,-73.924297,Theft,9/1/2023,21:14,Clear,3
NYPD-913712,40.672006,-74.006819,Assault,1/9/2023,3:37,Clear,9
NYPD-670207,40.692588,-74.005253,Assault,10/24/2023,21:42,Clear,7
NYPD-384115,40.683649,-74.002912,Burglary,8/1/2023,23:28,Clear,2
NYPD-122658,40.684164,-74.004504,Assault,5/18/2023,23:43,Clear,8
NYPD-352797,40.720697,-73.992618,Robbery,8/17/2023,0:22,Snow,7
NYPD-150617,40.748192,-73.914103,Narcotics,5/5/2023,7:43,Clear,4
NYPD-504694,40.705707,-74.000976,Assault,1/11/2023,20:54,Clear,7
NYPD-225419,40.773836,-73.983214,Burglary,3/10/2023,4:51,Fog,5
NYPD-702120,40.719526,-73.99712,Burglary,5/10/2023,21:00,Rain,3
NYPD-929949,40.719027,-74.002142,Vandalism,1/9/2023,18:26,Clear,2
NYPD-407022,40.710544,-74.008028,Theft,4/17/2023,15:34,Clear,2
NYPD-229452,40.69577,-74.004222,Vandalism,1/26/2023,4:58,Clear,1
NYPD-173261,40.743801,-74.018436,Theft,10/23/2023,4:55,Clear,1
NYPD-682701,40.674726,-74.018587,Burglary,6/11/2023,3:14,Fog,2
NYPD-826709,40.696868,-74.069861,Robbery,10/21/2023,2:55,Clear,6
NYPD-517635,40.704897,-73.99012,Vandalism,12/22/2023,23:02,Clear,3
NYPD-338474,40.794285,-74.058806,Theft,8/16/2023,9:42,Clear,4
NYPD-160391,40.604909,-74.037686,Robbery,10/7/2023,23:32,Rain,9
NYPD-180627,40.716595,-74.027527,Assault,6/23/2023,5:08,Rain,6
NYPD-585858,40.70022,-73.995733,Narcotics,1/6/2023,16:09,Fog,2
NYPD-342107,40.721132,-74.021158,Vandalism,3/6/2023,17:51,Clear,1
NYPD-142798,40.816148,-73.954318,Burglary,5/15/2023,19:45,Clear,1
NYPD-399380,40.744148,-74.004518,Narcotics,4/27/2023,11:39,Clear,2
NYPD-720321,40.713654,-74.036996,Assault,8/28/2023,19:35,Clear,7
NYPD-781383,40.720407,-74.038506,Narcotics,9/14/2023,2:47,Snow,4
NYPD-874680,40.828866,-73.986052,Robbery,11/2/2023,5:06,Clear,8
NYPD-483168,40.781985,-74.004934,Robbery,1/24/2023,4:12,Fog,8
NYPD-851620,40.727411,-73.994691,Narcotics,1/14/2023,11:21,Rain,2
NYPD-261206,40.752858,-74.014941,Theft,6/28/2023,10:20,Rain,4
NYPD-726805,40.78972,-73.920638,Burglary,6/20/2023,3:40,Clear,4
NYPD-260597,40.792033,-73.955557,Assault,8/22/2023,1:08,Fog,7
NYPD-855968,40.807852,-73.946677,Vandalism,10/29/2023,2:17,Clear,1
NYPD-660310,40.675933,-73.888934,Vandalism,5/2/2023,5:32,Clear,1
NYPD-312088,40.720462,-73.991705,Assault,7/21/2023,0:04,Clear,7
NYPD-755858,40.623907,-73.856614,Theft,11/1/2023,0:30,Clear,3
NYPD-587516,40.85884,-74.004039,Vandalism,9/25/2023,14:05,Clear,3
NYPD-700824,40.780932,-73.924941,Theft,10/29/2023,4:12,Clear,1
NYPD-939300,40.703893,-73.999846,Theft,4/22/2023,17:46,Clear,3
NYPD-263809,40.700444,-73.983227,Theft,12/1/2023,8:37,Clear,1
NYPD-108862,40.809385,-73.967697,Theft,2/9/2023,16:03,Clear,4
NYPD-520386,40.770588,-74.051593,Assault,8/10/2023,22:02,Clear,8
NYPD-101922,40.691128,-74.01366,Theft,7/26/2023,11:05,Clear,3
NYPD-225825,40.779095,-73.942212,Theft,1/14/2023,5:25,Clear,2
NYPD-346433,40.702753,-74.024344,Theft,10/6/2023,2:40,Clear,2
NYPD-501087,40.713316,-74.006197,Burglary,4/9/2023,3:32,Clear,4
NYPD-329444,40.695832,-74.013655,Assault,3/22/2023,23:27,Rain,6
NYPD-337286,40.730007,-74.011628,Assault,6/1/2023,18:03,Clear,7
NYPD-738803,40.787019,-73.861164,Vandalism,6/14/2023,14:41,Snow,1
NYPD-484017,40.72169,-73.985022,Burglary,12/13/2023,18:08,Clear,4
NYPD-857970,40.727445,-73.999319,Vandalism,3/25/2023,10:26,Rain,5
NYPD-999796,40.791714,-73.965759,Theft,12/23/2023,7:38,Clear,4
NYPD-733286,40.686354,-74.013992,Burglary,8/13/2023,5:15,Fog,5
NYPD-419213,40.779294,-73.932516,Theft,1/3/2023,16:04,Rain,3
NYPD-504581,40.703952,-74.011697,Theft,12/30/2023,22:20,Clear,2
NYPD-646586,40.702885,-73.946696,Assault,12/1/2023,20:15,Fog,8
NYPD-537472,40.788313,-73.94026,Theft,9/24/2023,5:05,Clear,1
NYPD-344697,40.613626,-73.84333,Theft,2/15/2023,8:59,Clear,1
NYPD-448118,40.805781,-73.964912,Theft,4/14/2023,19:05,Clear,2
NYPD-300061,40.721087,-74.00603,Vandalism,3/8/2023,2:27,Clear,1
NYPD-718303,40.688312,-74.018762,Theft,10/13/2023,12:38,Clear,2
NYPD-392971,40.792346,-73.931453,Assault,1/16/2023,1:57,Fog,7
NYPD-560508,40.711152,-74.020747,Theft,9/22/2023,3:11,Clear,1
NYPD-167618,40.698005,-73.998689,Narcotics,10/6/2023,8:12,Rain,2
NYPD-122270,40.781068,-73.937419,Burglary,11/3/2023,5:00,Clear,3
NYPD-279889,40.8445,-73.997937,Robbery,9/4/2023,22:57,Clear,8
NYPD-704187,40.687627,-74.022434,Burglary,6/25/2023,2:01,Clear,2
NYPD-936750,40.717437,-74.001699,Theft,7/16/2023,6:45,Clear,4
NYPD-863657,40.734541,-74.012391,Theft,4/4/2023,20:19,Rain,3
NYPD-224563,40.794852,-73.957586,Theft,3/6/2023,5:14,Clear,1
NYPD-246661,40.683591,-73.979061,Assault,11/24/2023,20:12,Clear,4
NYPD-789696,40.696527,-74.019633,Burglary,1/1/2024,1:26,Clear,4
NYPD-923552,40.71127,-73.992901,Assault,3/21/2023,21:54,Clear,7
NYPD-207836,40.892443,-73.990496,Assault,8/27/2023,3:01,Fog,10
NYPD-971062,40.793359,-73.880163,Theft,4/6/2023,7:48,Clear,1
NYPD-778488,40.771084,-73.974464,Theft,8/12/2023,20:00,Rain,2
NYPD-630847,40.709957,-74.03889,Vandalism,4/14/2023,19:35,Clear,1
NYPD-385996,40.711605,-74.032358,Assault,9/13/2023,20:48,Rain,8
NYPD-167753,40.714732,-74.026041,Theft,6/7/2023,2:31,Clear,1
NYPD-222964,40.720122,-74.00506,Burglary,9/1/2023,21:32,Clear,2
NYPD-468233,40.732906,-74.023962,Burglary,4/22/2023,21:31,Fog,4
NYPD-180662,40.698517,-74.021293,Theft,7/24/2023,5:09,Clear,4
NYPD-190644,40.863508,-73.885411,Robbery,4/10/2023,22:35,Clear,8
NYPD-165666,40.701014,-74.001981,Theft,11/8/2023,1:01,Clear,2
NYPD-174740,40.791632,-73.962722,Theft,9/29/2023,15:44,Rain,5
NYPD-808078,40.80972,-73.932085,Assault,3/20/2023,23:06,Clear,7
NYPD-223797,40.791801,-73.969935,Assault,6/7/2023,18:25,Fog,10
NYPD-237601,40.708375,-74.024102,Assault,2/11/2023,3:28,Clear,8
NYPD-693037,40.702664,-73.994745,Theft,4/24/2023,11:15,Clear,2
NYPD-438587,40.828567,-73.960169,Narcotics,10/24/2023,13:10,Fog,2
NYPD-130227,40.740215,-74.003881,Vandalism,10/23/2023,18:20,Rain,4
NYPD-239359,40.707636,-73.971606,Assault,1/3/2023,5:02,Rain,10
NYPD-295907,40.794495,-73.914387,Narcotics,3/14/2023,2:45,Clear,4
NYPD-620357,40.7171,-74.018693,Vandalism,9/9/2023,7:32,Clear,4
NYPD-362338,40.711784,-74.011776,Narcotics,3/11/2023,3:58,Clear,3
NYPD-624776,40.77879,-73.957001,Theft,10/21/2023,20:51,Rain,2
NYPD-169479,40.694165,-73.899184,Theft,11/24/2023,11:34,Clear,3
NYPD-958841,40.700503,-73.997763,Theft,3/17/2023,19:43,Rain,3
NYPD-569145,40.775997,-73.935082,Theft,12/9/2023,3:32,Clear,1
NYPD-563091,40.708179,-74.017857,Narcotics,10/23/2023,2:40,Fog,2
NYPD-252730,40.798731,-73.964498,Theft,10/2/2023,14:04,Clear,3
NYPD-886890,40.73151,-74.007619,Robbery,11/13/2023,5:16,Clear,4
NYPD-437552,40.78777,-73.993365,Vandalism,2/19/2023,10:22,Clear,2
NYPD-778206,40.792403,-73.968853,Theft,4/5/2023,10:48,Clear,3
NYPD-449847,40.701249,-74.007513,Narcotics,8/1/2023,14:33,Clear,3
NYPD-871542,40.853444,-73.806295,Burglary,2/8/2023,0:58,Clear,1
NYPD-428282,40.727663,-73.992784,Theft,4/26/2023,3:34,Clear,2
NYPD-742729,40.729446,-74.010658,Vandalism,4/1/2023,3:37,Fog,3
NYPD-614871,40.707816,-74.008573,Burglary,9/30/2023,5:17,Clear,3
NYPD-442634,40.710118,-73.979082,Assault,9/4/2023,22:00,Clear,7
NYPD-984473,40.726546,-73.983718,Assault,12/3/2023,23:06,Fog,9
NYPD-683273,40.730102,-73.99318,Theft,5/15/2023,6:25,Clear,2
NYPD-683004,40.725311,-73.995119,Burglary,1/1/2023,0:05,Clear,3
NYPD-542317,40.708038,-73.995131,Assault,4/10/2023,18:16,Fog,7
NYPD-334480,40.803979,-73.946815,Narcotics,10/12/2023,22:47,Snow,2
NYPD-790069,40.717664,-74.015526,Vandalism,10/11/2023,15:23,Clear,1
NYPD-229818,40.73127,-73.983123,Assault,6/1/2023,18:43,Rain,9
NYPD-692991,40.701425,-74.016833,Assault,6/21/2023,3:22,Snow,8
NYPD-525310,40.699647,-74.014379,Vandalism,1/1/2024,3:19,Clear,4
NYPD-595646,40.702224,-74.009031,Theft,5/14/2023,19:21,Clear,3
NYPD-352730,40.868712,-73.922365,Theft,10/17/2023,4:38,Fog,3
NYPD-652151,40.723227,-74.03684,Theft,6/18/2023,5:56,Clear,1
NYPD-857619,40.720782,-74.005072,Assault,9/17/2023,5:23,Clear,5
NYPD-813257,40.709526,-74.002199,Narcotics,6/8/2023,17:00,Fog,2
NYPD-821155,40.797059,-73.94077,Vandalism,3/21/2023,5:32,Snow,1
NYPD-919316,40.720846,-74.004834,Burglary,9/26/2023,4:14,Snow,4
NYPD-905119,40.670709,-74.003437,Narcotics,5/28/2023,7:06,Rain,3
NYPD-198095,40.754321,-74.037069,Theft,12/4/2023,17:07,Clear,3
NYPD-315117,40.684195,-73.999296,Assault,4/17/2023,3:04,Clear,6
NYPD-877079,40.702507,-74.040013,Vandalism,11/19/2023,11:52,Rain,3
NYPD-193411,40.720135,-74.027764,Burglary,12/17/2023,2:10,Snow,1
NYPD-325917,40.837228,-73.947623,Burglary,7/10/2023,21:20,Rain,4
NYPD-256140,40.712703,-74.009881,Theft,3/7/2023,5:04,Clear,3
NYPD-819927,40.719842,-73.994363,Assault,11/16/2023,18:15,Clear,7
NYPD-445768,40.616284,-74.099717,Burglary,5/29/2023,4:38,Clear,1
NYPD-930254,40.70426,-74.023647,Narcotics,7/13/2023,9:51,Clear,1
NYPD-351001,40.740798,-74.008127,Theft,4/1/2023,2:36,Clear,1
NYPD-927865,40.704315,-73.99309,Vandalism,4/9/2023,8:07,Rain,3
NYPD-364200,40.701078,-74.014781,Burglary,11/20/2023,0:21,Fog,2
NYPD-951503,40.704674,-74.011655,Narcotics,5/17/2023,23:07,Rain,3
NYPD-928234,40.705966,-73.97176,Assault,1/26/2023,19:45,Rain,9
NYPD-230887,40.734865,-73.973757,Assault,7/23/2023,20:26,Clear,4
NYPD-700021,40.731065,-74.011804,Assault,6/11/2023,2:06,Clear,4
NYPD-431372,40.70869,-73.987031,Narcotics,4/2/2023,9:20,Clear,2
NYPD-952474,40.717123,-74.003318,Theft,6/26/2023,12:31,Clear,4
NYPD-501023,40.68688,-74.029673,Theft,5/28/2023,1:01,Clear,1
NYPD-566868,40.724519,-74.026272,Burglary,11/2/2023,5:10,Rain,5
NYPD-942227,40.728781,-74.020334,Theft,8/14/2023,5:29,Clear,1
NYPD-817112,40.861203,-73.989271,Theft,10/26/2023,20:34,Rain,2
NYPD-371059,40.798529,-73.957211,Theft,5/4/2023,7:31,Snow,4
NYPD-860027,40.70291,-74.014971,Vandalism,4/24/2023,10:16,Clear,2
NYPD-170392,40.710166,-74.001357,Assault,5/26/2023,0:04,Clear,10
NYPD-941655,40.694829,-73.906789,Vandalism,6/12/2023,21:29,Clear,1
NYPD-241417,40.702883,-74.001091,Assault,10/24/2023,1:42,Clear,10
NYPD-156990,40.827843,-74.00144,Assault,5/18/2023,3:50,Clear,7
NYPD-687456,40.72592,-73.990388,Narcotics,12/29/2023,0:19,Rain,4
NYPD-358790,40.8085,-73.946197,Burglary,5/16/2023,2:30,Clear,1
NYPD-719420,40.711133,-74.032173,Vandalism,10/30/2023,1:48,Clear,2
NYPD-364116,40.706822,-74.025434,Narcotics,11/12/2023,1:19,Clear,3
NYPD-683581,40.731489,-74.031071,Burglary,7/31/2023,21:39,Clear,2
NYPD-388434,40.730142,-74.016785,Narcotics,6/14/2023,13:18,Clear,3
NYPD-452309,40.702762,-74.008752,Burglary,8/20/2023,5:07,Fog,5
NYPD-176033,40.747147,-73.98347,Assault,11/18/2023,1:35,Rain,9
NYPD-528908,40.698109,-74.003909,Vandalism,12/15/2023,10:43,Clear,1
NYPD-524754,40.708964,-74.000626,Vandalism,2/7/2023,5:56,Clear,1
NYPD-174982,40.713174,-74.007384,Burglary,1/6/2023,2:16,Rain,4
NYPD-149373,40.785324,-74.083568,Theft,3/11/2023,12:27,Rain,4
NYPD-652102,40.80945,-73.942622,Burglary,12/8/2023,22:54,Snow,1
NYPD-401966,40.691903,-74.003778,Theft,1/6/2023,7:58,Clear,3
NYPD-938157,40.702223,-73.992604,Burglary,12/17/2023,19:04,Clear,3
NYPD-153758,40.704506,-74.025927,Theft,7/16/2023,23:20,Snow,2
NYPD-628035,40.703361,-74.008831,Theft,6/30/2023,1:14,Rain,5
NYPD-330706,40.706976,-74.036988,Assault,3/29/2023,18:03,Clear,6
NYPD-129753,40.716696,-74.010989,Vandalism,12/29/2023,23:54,Fog,4
NYPD-390298,40.88621,-73.850826,Assault,1/17/2023,20:02,Clear,8
NYPD-320611,40.704841,-74.020015,Assault,8/1/2023,3:13,Clear,8
NYPD-812197,40.700653,-74.024747,Assault,1/31/2023,18:36,Snow,6
NYPD-643527,40.716973,-74.020825,Narcotics,5/5/2023,5:50,Rain,4
NYPD-268614,40.726305,-73.988988,Narcotics,7/19/2023,16:02,Clear,1
NYPD-188043,40.719755,-73.979647,Theft,7/9/2023,19:02,Fog,4
NYPD-754956,40.71552,-74.023089,Assault,1/24/2023,23:30,Clear,5
NYPD-872365,40.712365,-73.979953,Vandalism,2/22/2023,17:20,Clear,1
NYPD-651660,40.844399,-73.966682,Robbery,10/3/2023,5:19,Snow,6
NYPD-525583,40.730183,-73.98292,Theft,12/13/2023,6:51,Rain,2
NYPD-159856,40.718046,-73.99328,Theft,9/16/2023,18:02,Clear,2
NYPD-875971,40.723982,-74.009864,Assault,10/25/2023,4:16,Snow,6
NYPD-279486,40.704933,-73.996214,Theft,7/10/2023,7:22,Clear,2
NYPD-866327,40.733851,-73.999159,Vandalism,2/22/2023,10:57,Clear,3
NYPD-968097,40.696263,-73.991812,Assault,3/10/2023,23:47,Rain,8
NYPD-950269,40.808296,-73.825694,Theft,12/11/2023,0:50,Rain,4
NYPD-160550,40.730098,-74.018575,Theft,12/4/2023,23:30,Clear,3
NYPD-477276,40.707402,-74.003853,Theft,8/24/2023,13:12,Fog,5
NYPD-834909,40.796952,-73.951635,Vandalism,12/18/2023,23:40,Rain,4
NYPD-543886,40.808754,-73.954153,Theft,11/29/2023,23:00,Snow,4
NYPD-900321,40.718644,-73.995445,Burglary,6/2/2023,0:13,Clear,2
NYPD-632748,40.703325,-74.021279,Theft,9/22/2023,0:57,Snow,1
NYPD-655812,40.863691,-74.076296,Theft,2/21/2023,19:38,Snow,3
NYPD-968306,40.711126,-74.01405,Vandalism,2/1/2023,14:08,Clear,2
NYPD-790343,40.735334,-74.008944,Robbery,12/4/2023,22:54,Clear,8
NYPD-800666,40.890901,-74.074249,Burglary,10/15/2023,19:47,Clear,3
NYPD-727032,40.82788,-73.972108,Assault,5/4/2023,19:32,Clear,4
NYPD-835973,40.717145,-74.023023,Assault,6/13/2023,22:17,Rain,10
NYPD-394717,40.731866,-74.018169,Narcotics,4/20/2023,7:51,Rain,5
NYPD-591362,40.697132,-74.008625,Theft,9/11/2023,15:37,Clear,3
NYPD-202348,40.78077,-73.949884,Vandalism,11/6/2023,23:00,Clear,1
NYPD-220685,40.719165,-73.97531,Vandalism,12/31/2023,6:58,Rain,2
NYPD-458746,40.720632,-74.016999,Assault,10/4/2023,3:19,Clear,6
NYPD-153162,40.727897,-73.997659,Narcotics,4/5/2023,3:50,Rain,4
NYPD-299799,40.710126,-73.980794,Assault,11/10/2023,22:19,Snow,8
NYPD-322542,40.668245,-74.025668,Burglary,2/20/2023,21:34,Snow,4
NYPD-989329,40.692895,-73.988813,Assault,8/4/2023,22:15,Clear,8
NYPD-913867,40.709918,-73.990548,Theft,6/27/2023,16:06,Clear,2
NYPD-491757,40.721634,-74.013774,Assault,5/17/2023,5:39,Clear,4
NYPD-431324,40.793951,-73.931573,Robbery,11/19/2023,21:07,Clear,7
NYPD-608450,40.729596,-74.004852,Vandalism,3/26/2023,11:13,Clear,2
NYPD-512881,40.74198,-73.99292,Theft,11/18/2023,1:18,Clear,1
NYPD-654097,40.717453,-73.991767,Assault,5/16/2023,1:51,Rain,8
NYPD-346747,40.749378,-73.945338,Theft,8/20/2023,23:50,Clear,2
NYPD-519900,40.706727,-74.018781,Theft,7/7/2023,8:18,Rain,4
NYPD-334803,40.724958,-73.992975,Vandalism,5/8/2023,5:14,Fog,4
NYPD-423067,40.700033,-73.985834,Burglary,1/30/2023,1:48,Clear,3
NYPD-756164,40.733945,-73.999763,Theft,11/12/2023,14:42,Clear,4
NYPD-539285,40.70509,-73.996786,Theft,4/13/2023,10:16,Clear,2
NYPD-301129,40.695235,-73.984424,Theft,4/9/2023,23:44,Clear,1
NYPD-200672,40.704612,-74.004529,Theft,1/15/2023,20:02,Clear,3
NYPD-761930,40.71451,-74.000048,Narcotics,4/20/2023,21:57,Clear,1
NYPD-939489,40.717651,-74.00183,Burglary,7/26/2023,3:44,Clear,1
NYPD-121081,40.762441,-73.998452,Burglary,4/1/2023,1:17,Fog,5
NYPD-100050,40.794087,-73.946225,Vandalism,5/11/2023,2:11,Fog,3
NYPD-181094,40.717935,-73.980123,Theft,4/13/2023,18:35,Clear,2
NYPD-547622,40.806398,-73.945201,Narcotics,4/1/2023,8:13,Clear,2
NYPD-468121,40.707679,-73.975828,Theft,2/13/2023,13:48,Clear,3
NYPD-209277,40.698012,-74.030707,Assault,7/30/2023,1:54,Clear,6
NYPD-451455,40.779971,-73.936032,Vandalism,3/31/2023,10:01,Clear,1
NYPD-753632,40.705353,-73.991023,Vandalism,3/11/2023,15:15,Snow,3
NYPD-194604,40.722848,-74.000152,Assault,6/30/2023,21:26,Fog,6
NYPD-275803,40.734793,-73.989377,Burglary,6/8/2023,19:43,Clear,3
NYPD-359639,40.695842,-73.991658,Theft,3/22/2023,20:31,Rain,2
NYPD-822395,40.811619,-73.919167,Theft,5/19/2023,5:21,Clear,2
NYPD-906916,40.712512,-73.989272,Assault,4/27/2023,1:09,Rain,10
NYPD-484111,40.721544,-74.003191,Assault,9/15/2023,3:14,Clear,5
NYPD-283250,40.857727,-73.90902,Theft,12/24/2023,23:14,Clear,1
NYPD-640585,40.695096,-74.041012,Theft,8/7/2023,19:11,Clear,2
NYPD-778173,40.790274,-73.93757,Narcotics,6/24/2023,13:06,Clear,1
NYPD-702116,40.717854,-73.999379,Assault,7/23/2023,18:52,Rain,7
NYPD-816196,40.807166,-73.897733,Vandalism,4/1/2023,17:21,Fog,3
NYPD-974119,40.716937,-73.999882,Burglary,11/22/2023,1:11,Clear,2
NYPD-922960,40.701465,-73.992589,Theft,10/17/2023,22:04,Clear,1
NYPD-163983,40.725615,-73.980957,Vandalism,6/15/2023,6:48,Fog,2
NYPD-759118,40.708177,-74.005328,Burglary,10/31/2023,4:48,Clear,2
NYPD-880915,40.717841,-74.019791,Assault,12/23/2023,18:47,Rain,6
NYPD-425871,40.674592,-73.819414,Narcotics,4/2/2023,6:15,Snow,2
NYPD-158408,40.71572,-73.978231,Vandalism,10/30/2023,16:57,Clear,3
NYPD-875224,40.721496,-74.009393,Theft,5/8/2023,17:08,Clear,3
NYPD-712845,40.726787,-74.018209,Robbery,4/11/2023,18:10,Rain,8
NYPD-102599,40.689605,-74.027792,Assault,3/29/2023,21:06,Fog,8
NYPD-209348,40.729622,-74.011295,Assault,10/2/2023,5:12,Rain,10
NYPD-827930,40.702838,-73.9816,Theft,10/24/2023,11:34,Rain,4
NYPD-423199,40.688063,-74.049214,Narcotics,7/14/2023,21:41,Clear,3
NYPD-502164,40.721389,-73.995969,Theft,1/11/2023,22:29,Clear,2
NYPD-282935,40.717578,-74.003835,Theft,7/18/2023,3:17,Rain,5
NYPD-599540,40.70349,-74.064097,Theft,7/8/2023,16:38,Clear,2
NYPD-154077,40.778937,-73.955869,Burglary,5/5/2023,22:23,Clear,2
NYPD-971044,40.722467,-73.992184,Vandalism,7/22/2023,18:07,Fog,3
NYPD-422591,40.724052,-74.030148,Theft,12/29/2023,3:07,Clear,3
NYPD-524960,40.720217,-74.004166,Assault,2/9/2023,3:03,Clear,5
NYPD-648846,40.695323,-74.016493,Vandalism,3/29/2023,8:40,Snow,1
NYPD-617473,40.727508,-74.005917,Theft,4/13/2023,12:31,Clear,4
NYPD-516236,40.625104,-73.842115,Vandalism,12/14/2023,12:20,Clear,4
NYPD-966745,40.694815,-73.975576,Narcotics,7/6/2023,21:06,Clear,4
NYPD-879925,40.704007,-74.008549,Burglary,5/14/2023,21:24,Clear,4
NYPD-488164,40.721597,-74.013698,Vandalism,11/10/2023,23:25,Snow,1
NYPD-231095,40.713813,-73.982589,Theft,4/13/2023,12:17,Clear,3
NYPD-803665,40.706576,-74.002963,Burglary,4/16/2023,19:35,Clear,2
NYPD-499981,40.713349,-74.039902,Burglary,12/18/2023,5:08,Snow,4
NYPD-904904,40.707965,-73.990301,Assault,11/13/2023,1:33,Clear,5
NYPD-641287,40.738261,-74.016223,Assault,11/11/2023,18:14,Clear,8
NYPD-353124,40.828828,-73.968269,Theft,5/30/2023,11:23,Clear,2
NYPD-423129,40.724947,-73.978995,Vandalism,5/11/2023,10:41,Clear,1
NYPD-601040,40.689552,-74.036326,Theft,8/9/2023,20:51,Clear,1
NYPD-946191,40.6665,-73.833411,Narcotics,1/3/2023,9:48,Clear,4
NYPD-107845,40.680962,-74.016693,Burglary,1/10/2023,19:39,Rain,2
NYPD-346415,40.693358,-74.005244,Burglary,11/5/2023,20:29,Rain,4
NYPD-697371,40.686718,-73.992368,Burglary,9/8/2023,1:59,Clear,4
NYPD-205155,40.723818,-74.00979,Assault,8/3/2023,3:06,Clear,4
NYPD-770020,40.785394,-73.961595,Assault,4/17/2023,2:23,Clear,10
NYPD-948842,40.670686,-73.945409,Narcotics,2/23/2023,18:32,Clear,4
NYPD-606551,40.710467,-73.993139,Theft,5/22/2023,1:56,Rain,5
NYPD-654142,40.712358,-74.004346,Robbery,1/17/2023,19:28,Clear,8
NYPD-635046,40.703605,-74.072949,Theft,7/27/2023,3:47,Clear,4
NYPD-285935,40.763489,-73.947346,Assault,3/6/2023,19:56,Clear,7
NYPD-595664,40.747316,-74.0148,Narcotics,1/4/2023,20:59,Clear,4
NYPD-787276,40.7218,-74.000419,Theft,1/15/2023,17:42,Clear,3
NYPD-832862,40.828607,-73.998076,Theft,7/12/2023,16:40,Rain,5
NYPD-815532,40.72445,-74.001069,Assault,8/1/2023,3:01,Fog,6
NYPD-985582,40.773594,-73.958892,Assault,2/20/2023,23:32,Clear,8
NYPD-128539,40.729699,-73.980088,Theft,4/27/2023,6:19,Clear,2
NYPD-614992,40.717658,-74.007122,Theft,3/11/2023,10:03,Rain,2
NYPD-657561,40.702741,-74.003736,Theft,1/10/2023,13:32,Clear,2
NYPD-645178,40.833691,-74.047701,Theft,5/17/2023,0:26,Clear,1
NYPD-628108,40.696561,-74.002939,Theft,1/6/2023,3:49,Fog,2
NYPD-366095,40.721563,-73.979912,Assault,10/14/2023,21:07,Clear,6
NYPD-280167,40.80067,-74.051013,Robbery,10/10/2023,18:58,Rain,8
NYPD-919002,40.773128,-73.936986,Burglary,8/1/2023,23:19,Fog,4
NYPD-511853,40.688878,-74.013183,Burglary,6/11/2023,23:08,Clear,3
NYPD-868338,40.717393,-73.976412,Assault,8/27/2023,20:55,Clear,6
NYPD-991413,40.744369,-73.883013,Narcotics,2/21/2023,3:19,Clear,1
NYPD-537850,40.720805,-74.02978,Theft,3/15/2023,21:29,Fog,2
NYPD-615938,40.74101,-73.991195,Theft,7/27/2023,11:17,Rain,4
NYPD-719963,40.7164,-73.980831,Theft,11/1/2023,10:58,Clear,1
NYPD-699080,40.704085,-74.016015,Burglary,10/29/2023,0:06,Clear,1
NYPD-487706,40.691317,-73.86279,Vandalism,4/1/2023,1:27,Rain,3
NYPD-298619,40.709919,-74.010696,Robbery,11/10/2023,2:53,Clear,8
NYPD-649638,40.785824,-73.939688,Assault,3/9/2023,19:46,Fog,9
NYPD-560840,40.73936,-73.999384,Assault,9/13/2023,4:27,Clear,6
NYPD-785974,40.719712,-73.989101,Robbery,3/8/2023,21:10,Fog,7
NYPD-870322,40.702237,-73.999376,Vandalism,3/31/2023,20:48,Clear,1
NYPD-574075,40.705801,-74.009005,Narcotics,4/22/2023,6:29,Clear,1
NYPD-708427,40.703371,-73.97329,Assault,6/7/2023,20:37,Clear,6
NYPD-387885,40.708743,-74.00628,Theft,8/26/2023,10:43,Clear,1
NYPD-247659,40.703668,-74.007319,Robbery,3/23/2023,5:37,Clear,8
NYPD-439299,40.727563,-74.026826,Vandalism,12/3/2023,16:59,Clear,3
NYPD-525097,40.714532,-74.005659,Vandalism,11/3/2023,1:56,Clear,1
NYPD-928531,40.696735,-74.008499,Theft,10/14/2023,18:44,Rain,4
NYPD-756363,40.692059,-74.011578,Theft,2/26/2023,17:05,Fog,5
NYPD-698638,40.825414,-73.95525,Theft,10/29/2023,23:02,Fog,3
NYPD-897328,40.736902,-73.928084,Burglary,3/28/2023,19:43,Rain,5
NYPD-442415,40.70015,-74.006117,Theft,11/30/2023,6:52,Snow,3
NYPD-218297,40.618751,-73.927364,Vandalism,2/11/2023,5:47,Clear,3
NYPD-771177,40.716702,-74.018636,Burglary,11/16/2023,23:27,Clear,2
NYPD-986471,40.695335,-74.022914,Burglary,12/14/2023,3:53,Rain,5
NYPD-508586,40.760573,-73.947232,Burglary,8/11/2023,4:37,Clear,1
NYPD-637620,40.767478,-73.927084,Theft,6/14/2023,21:15,Clear,1
NYPD-798223,40.69553,-74.038508,Narcotics,6/20/2023,9:04,Rain,5
NYPD-675962,40.704848,-74.010541,Vandalism,12/9/2023,21:47,Snow,3
NYPD-743032,40.722874,-73.99339,Theft,11/6/2023,10:15,Clear,4
NYPD-190750,40.718961,-74.016898,Vandalism,8/30/2023,8:52,Fog,3
NYPD-360671,40.803156,-73.984658,Narcotics,12/9/2023,8:58,Clear,1
NYPD-577630,40.714698,-74.021895,Theft,9/9/2023,14:54,Rain,2
NYPD-574456,40.796445,-73.967459,Theft,2/12/2023,7:27,Fog,4
NYPD-284247,40.709521,-74.005582,Assault,7/29/2023,19:26,Snow,8
NYPD-723185,40.680778,-74.001189,Assault,1/25/2023,4:36,Clear,7
NYPD-819935,40.711721,-74.025318,Theft,6/9/2023,3:07,Rain,4
NYPD-854324,40.720866,-74.036842,Vandalism,5/13/2023,21:52,Clear,4
NYPD-371439,40.812289,-73.932973,Theft,3/6/2023,18:51,Clear,1
NYPD-230941,40.727952,-74.01331,Theft,4/2/2023,16:57,Rain,5
NYPD-869827,40.726738,-74.00778,Burglary,12/12/2023,1:24,Clear,4
NYPD-807984,40.807813,-74.055918,Assault,7/7/2023,2:09,Clear,8
NYPD-646457,40.704404,-73.987235,Theft,6/19/2023,22:14,Clear,4
NYPD-972838,40.689411,-74.009114,Vandalism,6/16/2023,14:58,Clear,3
NYPD-285394,40.687382,-73.813755,Vandalism,10/17/2023,9:26,Clear,4
NYPD-340512,40.698961,-73.981607,Narcotics,1/12/2023,4:28,Clear,1
NYPD-827004,40.726412,-74.007887,Burglary,5/27/2023,4:37,Fog,3
NYPD-241762,40.696425,-74.003964,Narcotics,7/14/2023,22:43,Clear,4
NYPD-182226,40.708469,-74.003632,Assault,11/21/2023,19:56,Clear,7
NYPD-121742,40.817287,-73.973507,Vandalism,8/21/2023,6:32,Fog,4
NYPD-687667,40.743671,-74.00133,Assault,12/23/2023,1:04,Clear,10
NYPD-869251,40.698466,-74.017744,Narcotics,7/9/2023,17:59,Rain,3
NYPD-684539,40.78965,-74.095355,Vandalism,4/17/2023,6:46,Clear,4
NYPD-655987,40.71871,-73.99539,Theft,11/2/2023,2:00,Clear,4
NYPD-632170,40.743727,-74.003975,Assault,5/9/2023,22:15,Clear,5
NYPD-984649,40.805285,-74.053267,Assault,11/16/2023,0:34,Fog,7
NYPD-995391,40.704805,-74.028307,Vandalism,3/19/2023,21:43,Clear,1
NYPD-316959,40.718314,-74.026023,Theft,2/14/2023,4:27,Fog,5
NYPD-415680,40.687318,-74.00998,Burglary,2/24/2023,0:36,Clear,2
NYPD-898708,40.686879,-74.054291,Theft,9/13/2023,22:34,Clear,1
NYPD-643053,40.699474,-74.034932,Theft,5/8/2023,8:08,Rain,3
NYPD-269399,40.712084,-73.996968,Assault,10/6/2023,1:15,Clear,4
NYPD-553617,40.703945,-74.013807,Theft,7/19/2023,13:33,Clear,4
NYPD-565034,40.799202,-73.956446,Theft,12/29/2023,2:01,Clear,1
NYPD-551104,40.784462,-73.978398,Assault,6/18/2023,3:05,Clear,5
NYPD-815583,40.698123,-73.992069,Assault,7/9/2023,22:01,Fog,9
NYPD-823040,40.762849,-73.937671,Narcotics,10/2/2023,19:28,Fog,5
NYPD-757498,40.724746,-74.034633,Burglary,11/27/2023,0:21,Clear,1
NYPD-231129,40.711672,-74.028235,Robbery,3/3/2023,22:07,Clear,5
NYPD-333591,40.800966,-73.951924,Theft,9/12/2023,9:55,Fog,5
NYPD-430159,40.715724,-74.017318,Theft,6/13/2023,7:48,Clear,1
NYPD-915315,40.818236,-73.933267,Burglary,6/2/2023,5:46,Clear,1
NYPD-977128,40.701796,-74.015601,Vandalism,5/18/2023,21:59,Fog,3
NYPD-240586,40.68835,-73.982125,Theft,2/16/2023,19:54,Clear,1
NYPD-959059,40.722638,-73.990432,Vandalism,10/5/2023,10:07,Snow,4
NYPD-966753,40.687147,-74.012794,Assault,9/7/2023,3:43,Clear,8
NYPD-856556,40.709931,-73.986879,Assault,9/21/2023,22:48,Clear,7
NYPD-280434,40.82996,-73.943111,Burglary,3/2/2023,4:13,Clear,3
NYPD-451025,40.809186,-74.051612,Vandalism,3/5/2023,7:12,Rain,4
NYPD-949485,40.800801,-73.969687,Assault,1/19/2023,3:02,Clear,7
NYPD-636558,40.702314,-74.018476,Robbery,6/28/2023,4:11,Clear,8
NYPD-925811,40.695321,-74.008468,Assault,12/1/2023,1:43,Clear,10
NYPD-313044,40.697675,-74.075385,Theft,12/2/2023,5:49,Snow,3
NYPD-324318,40.70324,-74.011796,Burglary,2/3/2023,1:14,Rain,2
NYPD-454142,40.691613,-74.004336,Vandalism,1/3/2023,20:55,Clear,3
NYPD-356132,40.717944,-74.022446,Narcotics,11/15/2023,8:52,Rain,4
NYPD-999897,40.700413,-74.013963,Narcotics,5/21/2023,16:34,Clear,2
NYPD-626240,40.8119,-74.071838,Theft,10/27/2023,3:22,Clear,2
NYPD-165312,40.785749,-73.990545,Robbery,11/22/2023,22:23,Clear,10
NYPD-194066,40.695525,-74.01663,Vandalism,11/2/2023,10:50,Rain,5
NYPD-913201,40.725633,-74.005042,Theft,10/9/2023,13:35,Rain,2
NYPD-670235,40.744639,-73.989762,Narcotics,6/10/2023,18:49,Clear,4
NYPD-980818,40.646421,-73.887192,Assault,3/13/2023,0:14,Clear,7
NYPD-418292,40.714927,-74.021202,Robbery,5/13/2023,20:28,Fog,6
NYPD-352067,40.709847,-74.003362,Theft,3/26/2023,3:42,Rain,2
NYPD-295623,40.70739,-73.998686,Vandalism,11/10/2023,8:51,Clear,3
NYPD-481674,40.718095,-73.993973,Burglary,6/12/2023,18:02,Rain,4
NYPD-971358,40.715485,-74.001505,Assault,2/4/2023,18:52,Rain,9
NYPD-328298,40.711468,-73.976983,Assault,5/29/2023,23:16,Rain,6
NYPD-116758,40.746147,-73.855779,Vandalism,7/16/2023,16:13,Snow,2
NYPD-181732,40.743065,-74.001557,Theft,10/19/2023,9:39,Rain,2
NYPD-180270,40.713987,-73.98098,Theft,5/31/2023,1:11,Fog,5
NYPD-389179,40.708525,-74.014304,Assault,1/22/2023,18:57,Snow,7
NYPD-711790,40.781598,-73.949038,Vandalism,9/16/2023,11:18,Snow,2
NYPD-414921,40.720302,-74.002168,Theft,1/15/2023,7:16,Clear,4
NYPD-758005,40.726414,-74.01393,Assault,5/20/2023,3:52,Clear,8
NYPD-612556,40.600215,-73.935155,Theft,12/16/2023,10:51,Fog,5
NYPD-838479,40.782724,-73.922806,Theft,7/8/2023,2:12,Clear,1
NYPD-758441,40.809835,-73.927813,Theft,5/3/2023,3:24,Clear,2
NYPD-945445,40.772814,-73.949348,Vandalism,11/8/2023,4:10,Snow,3
NYPD-646333,40.713311,-74.021538,Theft,5/26/2023,21:04,Clear,3
NYPD-162650,40.726597,-73.997533,Assault,3/26/2023,20:57,Clear,8
NYPD-503991,40.702679,-74.000597,Burglary,2/20/2023,5:27,Rain,4
NYPD-136989,40.71588,-74.037807,Assault,6/30/2023,23:56,Snow,6
NYPD-243059,40.777268,-73.953309,Assault,7/25/2023,4:02,Clear,5
NYPD-455970,40.762475,-73.975333,Theft,11/12/2023,7:50,Rain,3
NYPD-544317,40.787562,-73.942226,Burglary,2/13/2023,18:32,Clear,1
NYPD-836978,40.727486,-74.022155,Assault,12/26/2023,21:25,Clear,8
NYPD-159381,40.778245,-73.948191,Vandalism,4/22/2023,2:20,Clear,2
NYPD-514222,40.7263,-74.020223,Burglary,7/27/2023,19:29,Snow,2
NYPD-979165,40.710122,-74.006423,Theft,7/8/2023,4:17,Rain,5
NYPD-275200,40.812223,-73.950527,Burglary,10/17/2023,20:41,Rain,5
NYPD-576148,40.728797,-73.977082,Assault,11/16/2023,22:28,Clear,7
NYPD-303335,40.639129,-73.855163,Burglary,9/10/2023,4:15,Clear,3
NYPD-685878,40.717775,-74.016715,Assault,5/4/2023,19:49,Rain,5
NYPD-198709,40.698256,-74.099805,Vandalism,5/5/2023,6:32,Clear,4
NYPD-415797,40.708933,-73.996108,Narcotics,11/20/2023,4:05,Clear,3
NYPD-721358,40.738094,-74.00842,Vandalism,1/6/2023,9:53,Rain,3
NYPD-296504,40.827738,-73.96729,Assault,9/14/2023,3:28,Clear,7
NYPD-433946,40.697674,-74.019421,Vandalism,8/31/2023,18:54,Fog,4
NYPD-333452,40.723609,-74.015291,Assault,8/1/2023,18:16,Clear,7
NYPD-823484,40.812034,-73.93943,Theft,7/11/2023,13:35,Clear,2
NYPD-729497,40.717623,-73.998579,Theft,8/27/2023,17:49,Rain,5
NYPD-454018,40.698763,-74.019292,Vandalism,4/3/2023,7:34,Snow,2
NYPD-543812,40.732768,-74.003428,Narcotics,6/28/2023,1:44,Rain,3
NYPD-765514,40.689757,-74.011907,Theft,1/15/2023,17:45,Rain,4
NYPD-194227,40.674728,-73.995919,Theft,11/30/2023,11:33,Clear,4
NYPD-358776,40.831917,-73.814108,Burglary,1/1/2024,4:27,Snow,1
NYPD-449101,40.723568,-74.020801,Assault,9/6/2023,2:39,Clear,9
NYPD-504768,40.705588,-74.018678,Burglary,6/30/2023,18:51,Snow,2
NYPD-842531,40.798026,-73.95193,Burglary,5/29/2023,5:51,Clear,3
NYPD-228920,40.884792,-73.959147,Theft,4/4/2023,14:30,Clear,1
NYPD-678467,40.683202,-73.986684,Theft,2/23/2023,18:22,Clear,4
NYPD-463748,40.705667,-73.99946,Vandalism,1/21/2023,4:39,Clear,2
NYPD-313923,40.682405,-74.014357,Theft,11/1/2023,23:19,Clear,3
NYPD-457460,40.70222,-74.003066,Assault,10/8/2023,20:36,Rain,9
NYPD-989296,40.701028,-73.999303,Burglary,5/7/2023,0:25,Clear,1
NYPD-702187,40.690171,-74.028168,Assault,4/24/2023,1:08,Snow,6
NYPD-894196,40.760621,-73.93914,Theft,6/2/2023,7:02,Clear,2
NYPD-448237,40.818882,-73.966031,Theft,7/30/2023,18:51,Clear,2
NYPD-223270,40.682393,-73.985017,Theft,8/3/2023,14:44,Clear,4
NYPD-708144,40.786701,-73.975587,Burglary,6/4/2023,2:23,Clear,2
NYPD-892370,40.660926,-74.086733,Robbery,7/27/2023,2:29,Clear,9
NYPD-771719,40.899071,-73.898695,Theft,7/6/2023,20:38,Clear,2
NYPD-862379,40.708359,-73.988291,Burglary,6/9/2023,19:48,Rain,4
NYPD-192825,40.782169,-73.956669,Burglary,5/21/2023,1:23,Clear,2
NYPD-835408,40.81751,-73.941092,Assault,8/15/2023,18:52,Clear,7
NYPD-961783,40.696312,-73.990321,Theft,4/9/2023,4:49,Clear,2
NYPD-477808,40.83124,-74.051313,Theft,9/5/2023,22:10,Clear,3
NYPD-491836,40.744202,-74.017185,Narcotics,6/13/2023,6:27,Clear,4
NYPD-468191,40.720519,-73.978919,Theft,5/11/2023,10:40,Fog,4
NYPD-502045,40.697158,-74.022859,Vandalism,12/17/2023,16:26,Snow,3
NYPD-265629,40.855359,-73.868986,Theft,2/10/2023,12:57,Clear,1
NYPD-299907,40.714411,-74.018109,Vandalism,12/19/2023,9:32,Rain,2
NYPD-550716,40.710579,-73.980865,Theft,11/21/2023,14:46,Clear,2
NYPD-457749,40.721014,-74.043267,Assault,12/20/2023,0:24,Clear,8
NYPD-720237,40.778762,-73.955878,Assault,1/1/2023,3:59,Rain,10
NYPD-911756,40.685054,-74.028659,Assault,6/27/2023,0:35,Snow,9
NYPD-238231,40.706888,-74.002294,Assault,10/11/2023,19:32,Clear,9
NYPD-877320,40.813197,-73.931161,Assault,5/13/2023,0:50,Rain,5
NYPD-352919,40.756247,-74.006097,Assault,3/3/2023,0:56,Clear,8
NYPD-825450,40.718279,-74.006693,Vandalism,7/31/2023,1:16,Clear,4
NYPD-172157,40.688846,-73.975402,Theft,5/22/2023,18:06,Clear,1
NYPD-672777,40.724776,-74.006728,Vandalism,11/7/2023,0:31,Clear,1
NYPD-690911,40.712766,-73.999798,Theft,5/21/2023,6:18,Fog,2
NYPD-856266,40.748589,-73.988043,Theft,3/15/2023,8:26,Rain,2
NYPD-738958,40.711325,-73.998884,Vandalism,5/3/2023,3:20,Clear,2
NYPD-214683,40.683307,-74.003322,Narcotics,5/27/2023,12:32,Clear,3
NYPD-493269,40.686208,-74.00691,Burglary,10/11/2023,20:36,Clear,2
NYPD-997202,40.832941,-74.09272,Burglary,9/24/2023,22:28,Clear,3
NYPD-281048,40.7102,-73.998843,Vandalism,1/11/2023,17:20,Clear,4
NYPD-615709,40.719606,-74.021136,Theft,1/24/2023,23:36,Clear,4
NYPD-317900,40.727597,-73.989326,Theft,7/20/2023,21:24,Fog,4
NYPD-613488,40.693547,-74.022901,Vandalism,4/10/2023,20:09,Clear,1
NYPD-363104,40.743556,-73.999399,Theft,2/3/2023,2:29,Clear,2
NYPD-242591,40.691295,-73.998391,Narcotics,12/4/2023,6:17,Clear,1
NYPD-184286,40.766926,-73.983235,Assault,1/28/2023,19:29,Rain,10
NYPD-350008,40.740757,-74.024876,Theft,7/11/2023,16:47,Clear,4
NYPD-492899,40.799405,-73.942634,Theft,3/6/2023,19:47,Clear,2
NYPD-205432,40.699516,-74.000759,Theft,9/14/2023,9:36,Clear,2
NYPD-901851,40.720451,-74.003346,Robbery,10/29/2023,18:59,Clear,5
NYPD-509976,40.675244,-73.989088,Assault,6/27/2023,1:33,Clear,10
NYPD-483591,40.682696,-74.030453,Theft,6/2/2023,4:52,Rain,5
NYPD-429273,40.637586,-74.02786,Burglary,3/5/2023,2:43,Clear,2
NYPD-938255,40.765672,-73.967651,Vandalism,12/12/2023,0:25,Rain,5
NYPD-986476,40.730578,-74.021972,Robbery,8/24/2023,1:12,Clear,9
NYPD-770627,40.724249,-73.994125,Assault,8/30/2023,3:15,Clear,9
NYPD-568160,40.727586,-74.003788,Assault,9/27/2023,2:25,Clear,7
NYPD-735587,40.704519,-73.996412,Assault,3/10/2023,21:45,Clear,7
NYPD-103066,40.784446,-73.857525,Theft,10/17/2023,20:23,Clear,1
NYPD-422849,40.722581,-73.994,Theft,9/29/2023,1:30,Rain,2
NYPD-317801,40.679906,-74.001788,Assault,7/5/2023,21:33,Rain,6
NYPD-414684,40.743821,-73.90958,Assault,10/14/2023,4:33,Rain,8
NYPD-312585,40.789598,-73.923116,Assault,3/22/2023,4:31,Clear,9
NYPD-872851,40.713284,-73.983604,Theft,1/13/2023,12:55,Clear,1
NYPD-374429,40.709793,-74.019708,Burglary,11/28/2023,19:40,Clear,4
NYPD-716431,40.695336,-74.026377,Vandalism,8/17/2023,11:05,Clear,1
NYPD-601025,40.811603,-73.92436,Theft,11/21/2023,5:20,Clear,3
NYPD-930568,40.812817,-73.978882,Assault,5/11/2023,4:08,Clear,8
NYPD-248553,40.730662,-74.009078,Vandalism,6/11/2023,5:31,Fog,3
NYPD-426396,40.670003,-73.985556,Theft,7/29/2023,5:34,Clear,1
NYPD-781321,40.733482,-73.977208,Burglary,6/23/2023,23:08,Rain,5
NYPD-380437,40.710333,-74.014766,Theft,3/23/2023,23:29,Clear,3
NYPD-554433,40.693572,-74.000179,Assault,5/24/2023,20:03,Clear,8
NYPD-693227,40.728358,-74.009494,Vandalism,12/6/2023,2:24,Clear,4
NYPD-520501,40.700059,-73.998902,Burglary,8/26/2023,23:32,Clear,3
NYPD-199777,40.717208,-74.020635,Assault,10/11/2023,21:32,Rain,9
NYPD-948795,40.695928,-73.845129,Theft,2/23/2023,3:45,Clear,2
NYPD-395838,40.729227,-73.998636,Assault,5/18/2023,22:45,Clear,10
NYPD-311374,40.721695,-73.969602,Theft,1/21/2023,15:20,Clear,2
NYPD-933893,40.7192,-74.01505,Assault,8/12/2023,4:42,Fog,9
NYPD-889560,40.712216,-73.997577,Theft,4/8/2023,18:17,Clear,4
NYPD-131461,40.814515,-74.045737,Assault,12/19/2023,1:23,Clear,6
NYPD-805423,40.806181,-73.93648,Robbery,4/20/2023,2:16,Clear,10
NYPD-887638,40.714892,-74.011408,Theft,3/24/2023,9:49,Rain,2
NYPD-429519,40.665019,-73.924113,Robbery,10/3/2023,19:36,Clear,4
NYPD-916382,40.712645,-74.024017,Burglary,6/21/2023,20:18,Fog,4
NYPD-787014,40.804392,-73.95351,Vandalism,7/21/2023,15:45,Clear,4
NYPD-189577,40.713331,-74.00038,Theft,5/17/2023,16:24,Rain,3
NYPD-929987,40.69709,-74.008843,Narcotics,10/3/2023,1:26,Clear,4
NYPD-877187,40.718532,-74.02975,Theft,11/23/2023,19:55,Clear,2
NYPD-455560,40.655466,-74.084711,Vandalism,1/8/2023,5:58,Clear,2
NYPD-937776,40.724521,-73.996105,Vandalism,9/13/2023,13:03,Clear,2
NYPD-711298,40.710743,-73.99251,Burglary,4/20/2023,22:53,Fog,4
NYPD-668237,40.711479,-74.002646,Robbery,10/21/2023,20:58,Clear,10
NYPD-765318,40.706662,-74.008228,Burglary,3/4/2023,18:03,Fog,2
NYPD-820650,40.704913,-73.991241,Narcotics,2/20/2023,17:13,Clear,3
NYPD-346994,40.832943,-73.813114,Assault,10/3/2023,19:12,Clear,8
NYPD-455807,40.82057,-73.973167,Narcotics,6/9/2023,18:19,Rain,2
NYPD-145106,40.735421,-74.002757,Vandalism,3/14/2023,3:05,Clear,2
NYPD-436480,40.701363,-73.991266,Narcotics,6/15/2023,9:01,Clear,1
NYPD-912824,40.714506,-73.999703,Vandalism,1/23/2023,5:52,Fog,4
NYPD-606873,40.734717,-74.017459,Theft,1/13/2023,3:21,Clear,1
NYPD-604481,40.729538,-74.006072,Assault,4/2/2023,4:11,Clear,6
NYPD-824654,40.828208,-74.08238,Theft,1/11/2023,15:08,Fog,4
NYPD-664087,40.695068,-73.994453,Burglary,11/20/2023,19:23,Rain,4
NYPD-429453,40.729649,-74.017126,Theft,5/26/2023,6:43,Rain,2
NYPD-967748,40.606851,-74.038882,Vandalism,12/20/2023,20:14,Clear,2
NYPD-831598,40.698345,-74.024398,Theft,8/23/2023,17:20,Clear,4
NYPD-141994,40.706602,-74.003917,Assault,5/7/2023,3:34,Snow,9
NYPD-390659,40.698478,-74.008804,Burglary,9/3/2023,23:31,Snow,1
NYPD-837365,40.69483,-74.025986,Burglary,12/7/2023,18:39,Snow,1
NYPD-240323,40.793157,-73.990134,Theft,10/6/2023,11:26,Clear,1
NYPD-955884,40.805697,-73.929512,Vandalism,10/17/2023,17:01,Clear,3
NYPD-250097,40.801049,-73.948699,Theft,9/29/2023,13:29,Rain,4
NYPD-927063,40.818759,-74.007316,Theft,4/2/2023,10:24,Clear,1
NYPD-372128,40.829752,-74.079975,Assault,3/15/2023,21:25,Clear,8
NYPD-183154,40.791534,-73.967002,Assault,2/13/2023,1:43,Fog,6
NYPD-469512,40.812392,-73.935058,Assault,4/26/2023,0:07,Clear,8
NYPD-936367,40.689448,-74.022636,Vandalism,11/15/2023,1:00,Rain,4
NYPD-744405,40.800008,-73.960383,Assault,3/24/2023,19:37,Clear,8
NYPD-285642,40.687858,-74.006246,Assault,2/19/2023,23:21,Clear,5
NYPD-283274,40.685335,-74.007722,Assault,11/12/2023,3:28,Clear,7
NYPD-799242,40.705352,-74.087114,Theft,7/17/2023,9:51,Fog,2
NYPD-372898,40.715882,-74.000632,Theft,1/13/2023,4:17,Clear,2
NYPD-473944,40.733274,-74.016006,Theft,6/8/2023,16:55,Fog,5
NYPD-322041,40.722917,-74.027915,Robbery,10/9/2023,1:05,Clear,10
NYPD-336315,40.712173,-74.08495,Narcotics,9/7/2023,15:29,Rain,2
NYPD-913970,40.725613,-74.006609,Narcotics,5/28/2023,3:13,Fog,2
NYPD-670271,40.724085,-73.991719,Theft,2/9/2023,4:21,Clear,4
NYPD-302953,40.742911,-74.008213,Theft,11/18/2023,8:09,Clear,4
NYPD-532328,40.833003,-73.987214,Assault,6/1/2023,1:30,Rain,8
NYPD-748652,40.738354,-74.011303,Theft,5/14/2023,22:54,Clear,1
NYPD-788395,40.689453,-73.973803,Assault,4/9/2023,5:42,Clear,8
NYPD-825142,40.695197,-73.994988,Theft,9/12/2023,23:08,Clear,2
NYPD-343868,40.720398,-73.999347,Narcotics,10/5/2023,15:53,Clear,4
NYPD-590322,40.729853,-74.011555,Theft,1/22/2023,23:29,Clear,3
NYPD-344855,40.701322,-73.969538,Theft,12/14/2023,5:21,Clear,1
NYPD-700753,40.731328,-74.007409,Burglary,7/10/2023,21:20,Rain,4
NYPD-434279,40.720806,-74.004809,Vandalism,7/16/2023,8:47,Clear,3
NYPD-553165,40.678325,-73.945619,Theft,11/8/2023,19:39,Clear,3
NYPD-955401,40.694734,-73.994754,Theft,11/12/2023,2:08,Clear,4
NYPD-302028,40.709984,-74.034703,Vandalism,1/1/2024,16:11,Rain,5
NYPD-201450,40.726979,-74.018675,Assault,9/17/2023,5:47,Fog,6
NYPD-829642,40.719238,-73.989374,Theft,10/9/2023,9:14,Rain,4
NYPD-322637,40.73156,-74.003141,Theft,10/1/2023,21:15,Clear,3
NYPD-872155,40.81934,-73.976694,Theft,5/20/2023,4:42,Rain,2
NYPD-934660,40.704844,-74.007072,Theft,2/17/2023,16:55,Rain,2
NYPD-338005,40.711106,-73.998243,Vandalism,3/19/2023,15:58,Fog,3
NYPD-448234,40.702679,-73.990922,Assault,1/21/2023,1:27,Fog,9
NYPD-755176,40.724706,-74.005344,Theft,9/19/2023,3:17,Rain,5
NYPD-417794,40.751991,-73.917481,Burglary,7/10/2023,22:02,Clear,3
NYPD-573981,40.710768,-73.993649,Burglary,2/25/2023,0:28,Clear,4
NYPD-479958,40.842823,-73.940226,Assault,8/20/2023,2:34,Rain,8
NYPD-388550,40.794213,-73.944154,Vandalism,8/13/2023,4:43,Clear,2
NYPD-596170,40.705137,-74.010935,Vandalism,12/5/2023,23:28,Clear,1
NYPD-313965,40.708527,-74.030447,Assault,1/20/2023,19:58,Clear,6
NYPD-301233,40.691662,-74.011307,Narcotics,2/24/2023,6:26,Rain,2
NYPD-778156,40.769276,-73.868743,Theft,12/17/2023,11:09,Clear,1
NYPD-888385,40.716498,-74.009183,Burglary,3/18/2023,19:02,Snow,4
NYPD-601616,40.703595,-74.015548,Assault,8/24/2023,21:50,Fog,7
NYPD-423755,40.711562,-74.015865,Burglary,6/1/2023,20:00,Fog,5
NYPD-881956,40.722948,-74.018827,Theft,5/15/2023,22:48,Clear,2
NYPD-284480,40.722006,-74.011528,Assault,2/2/2023,4:15,Clear,8
NYPD-334066,40.721629,-74.022905,Robbery,5/22/2023,4:26,Clear,10
NYPD-650381,40.720839,-73.997722,Assault,4/10/2023,0:54,Clear,7
NYPD-971901,40.701844,-74.019337,Theft,11/15/2023,16:57,Clear,2
NYPD-846689,40.712024,-74.00906,Theft,10/15/2023,17:49,Fog,3
NYPD-304734,40.7751,-73.973021,Burglary,8/21/2023,5:44,Fog,5
NYPD-548135,40.690454,-74.000389,Narcotics,9/18/2023,4:40,Rain,4
NYPD-633563,40.819667,-73.951398,Robbery,7/7/2023,3:36,Clear,5
NYPD-547384,40.722901,-74.000143,Burglary,7/18/2023,2:36,Clear,2
NYPD-764852,40.800529,-73.954137,Theft,2/23/2023,4:59,Clear,3
NYPD-167469,40.732464,-74.007778,Robbery,8/26/2023,20:43,Clear,5
NYPD-793965,40.878448,-73.889652,Vandalism,7/22/2023,14:09,Clear,2
NYPD-502002,40.803266,-73.927107,Assault,2/3/2023,22:32,Snow,5
NYPD-193352,40.735456,-73.996965,Assault,11/25/2023,5:28,Clear,6
NYPD-404553,40.793261,-73.964444,Assault,12/24/2023,19:46,Clear,7
NYPD-853659,40.715723,-74.011011,Theft,12/30/2023,17:29,Clear,4
NYPD-788914,40.719039,-74.044141,Theft,12/31/2023,7:40,Clear,1
NYPD-441302,40.802436,-74.012435,Theft,9/7/2023,5:08,Fog,5
NYPD-553184,40.716861,-74.006787,Theft,9/5/2023,8:35,Snow,3
NYPD-485929,40.732781,-73.999418,Burglary,8/18/2023,1:30,Clear,1
NYPD-778179,40.693306,-74.036926,Vandalism,10/1/2023,16:01,Clear,3
NYPD-893669,40.708864,-74.040464,Theft,2/22/2023,16:30,Clear,3
NYPD-316812,40.823155,-73.976034,Narcotics,7/21/2023,4:52,Rain,5
NYPD-126978,40.701291,-74.011267,Burglary,10/4/2023,21:48,Snow,4
NYPD-580836,40.710696,-73.999482,Theft,11/30/2023,7:24,Fog,2
NYPD-178913,40.781111,-73.982503,Burglary,1/13/2023,23:45,Clear,2
NYPD-242163,40.709247,-74.004016,Robbery,12/4/2023,23:30,Clear,7
NYPD-862998,40.736522,-74.018248,Theft,10/5/2023,22:15,Clear,2
NYPD-580587,40.686407,-74.002815,Narcotics,7/17/2023,23:59,Rain,2
NYPD-793304,40.67795,-73.904905,Theft,4/3/2023,7:42,Fog,2
NYPD-134617,40.692746,-74.012908,Assault,8/29/2023,18:26,Clear,5
NYPD-590130,40.730929,-74.01575,Narcotics,11/26/2023,12:23,Clear,3
NYPD-923708,40.776198,-73.992031,Vandalism,6/28/2023,20:50,Clear,1
NYPD-274044,40.705968,-73.998975,Theft,4/9/2023,1:16,Clear,1
NYPD-718814,40.715167,-74.013224,Assault,9/7/2023,1:37,Snow,8
NYPD-284337,40.752226,-74.013931,Narcotics,4/20/2023,19:34,Clear,4
NYPD-344209,40.724202,-74.004875,Narcotics,4/2/2023,20:22,Fog,3
NYPD-474016,40.731244,-74.013442,Vandalism,5/28/2023,8:05,Clear,2
NYPD-723694,40.868879,-74.040501,Theft,11/26/2023,20:10,Fog,3
NYPD-445698,40.726374,-74.006267,Vandalism,6/21/2023,20:14,Clear,2
NYPD-574503,40.828699,-73.809692,Vandalism,9/8/2023,8:41,Clear,1
NYPD-268104,40.655604,-73.96407,Assault,7/23/2023,0:20,Clear,10
NYPD-770442,40.699243,-73.95899,Theft,4/9/2023,14:52,Snow,2
NYPD-279610,40.606897,-74.008799,Robbery,8/27/2023,3:09,Rain,6
NYPD-683496,40.83269,-73.928731,Theft,1/5/2023,9:25,Clear,4
NYPD-624013,40.725935,-73.987613,Burglary,8/12/2023,1:41,Clear,3
NYPD-978575,40.714855,-74.010374,Assault,10/6/2023,18:50,Fog,6
NYPD-830909,40.72752,-74.032446,Theft,2/21/2023,19:02,Clear,4
NYPD-304474,40.740997,-74.013648,Theft,4/30/2023,21:58,Rain,4
NYPD-251126,40.706271,-74.005684,Narcotics,5/24/2023,15:59,Clear,2
NYPD-736287,40.690267,-73.987434,Theft,2/3/2023,13:39,Clear,4
NYPD-425050,40.685778,-74.012607,Vandalism,6/16/2023,17:49,Rain,5
NYPD-427474,40.710726,-74.019289,Theft,12/6/2023,1:11,Clear,4
NYPD-651536,40.720729,-74.003585,Assault,9/5/2023,22:56,Clear,7
NYPD-919014,40.740745,-74.035465,Assault,11/25/2023,21:20,Clear,6
NYPD-201144,40.764473,-73.950091,Theft,5/8/2023,13:53,Clear,3
NYPD-281727,40.820424,-73.979584,Theft,4/19/2023,22:53,Rain,5
NYPD-106362,40.708863,-74.025724,Theft,4/26/2023,9:44,Rain,4
NYPD-307788,40.71603,-74.001525,Assault,10/27/2023,19:54,Rain,5
NYPD-475163,40.837785,-73.92225,Robbery,12/15/2023,20:20,Clear,8
NYPD-297478,40.731908,-74.015952,Vandalism,12/12/2023,0:25,Snow,2
NYPD-527628,40.715447,-73.994867,Vandalism,1/21/2023,0:34,Clear,4
NYPD-133012,40.71168,-74.009063,Burglary,8/21/2023,1:15,Clear,3
NYPD-741367,40.683403,-73.991601,Theft,3/9/2023,14:04,Snow,1
NYPD-380060,40.698476,-74.05474,Burglary,5/29/2023,21:41,Snow,4
NYPD-296548,40.726556,-73.802105,Assault,12/21/2023,2:31,Fog,9
NYPD-114072,40.898416,-73.955189,Assault,5/3/2023,5:16,Clear,7
NYPD-363330,40.823037,-74.004045,Theft,11/22/2023,9:16,Clear,4
NYPD-276328,40.748762,-73.984834,Theft,8/11/2023,2:49,Clear,1
NYPD-306228,40.731979,-74.029732,Theft,3/24/2023,10:16,Snow,2
NYPD-134594,40.707985,-73.999795,Burglary,9/17/2023,23:32,Snow,3
NYPD-798990,40.725534,-73.99631,Burglary,5/30/2023,23:36,Clear,4
NYPD-407306,40.702168,-74.028031,Theft,7/10/2023,18:58,Clear,2
NYPD-618712,40.705582,-74.016465,Assault,7/13/2023,22:37,Clear,7
NYPD-399737,40.701724,-74.015684,Burglary,8/27/2023,23:41,Fog,3
NYPD-189858,40.680147,-74.002331,Burglary,5/6/2023,20:50,Clear,4
NYPD-716533,40.712877,-73.998631,Theft,5/29/2023,23:54,Rain,5
NYPD-629735,40.835097,-73.906682,Theft,2/12/2023,15:36,Clear,4
NYPD-967471,40.707365,-74.001382,Theft,12/2/2023,0:40,Clear,4
NYPD-821276,40.71067,-73.978278,Vandalism,12/5/2023,13:09,Clear,3
NYPD-707554,40.721318,-74.017415,Robbery,10/18/2023,1:49,Clear,6
NYPD-829498,40.801337,-73.943467,Burglary,12/12/2023,20:29,Rain,3
NYPD-229334,40.719426,-74.003678,Robbery,4/11/2023,3:29,Rain,9
NYPD-359172,40.785914,-73.953173,Burglary,11/12/2023,1:21,Clear,4
NYPD-954632,40.701871,-74.006826,Assault,9/18/2023,4:27,Clear,5
NYPD-621891,40.636384,-73.969183,Assault,12/20/2023,4:26,Clear,5
NYPD-141484,40.708838,-73.979846,Burglary,12/6/2023,3:15,Rain,3
NYPD-464476,40.700443,-73.982677,Assault,6/26/2023,5:59,Clear,4
NYPD-315761,40.720489,-74.011014,Narcotics,12/18/2023,13:18,Clear,4
NYPD-541783,40.712801,-74.009598,Narcotics,1/24/2023,13:42,Clear,1
NYPD-292177,40.710273,-74.098445,Theft,1/30/2023,22:39,Clear,2
NYPD-649369,40.713832,-74.004839,Assault,11/12/2023,3:49,Fog,6
NYPD-551047,40.812751,-73.935099,Theft,9/2/2023,16:32,Rain,3
NYPD-888619,40.70677,-74.019173,Burglary,11/21/2023,0:43,Clear,2
NYPD-994075,40.694186,-74.094355,Vandalism,2/2/2023,21:11,Clear,4
NYPD-716683,40.750149,-73.840201,Theft,2/15/2023,5:12,Clear,1
NYPD-297439,40.738296,-74.027575,Vandalism,6/21/2023,10:42,Clear,3
NYPD-648507,40.702696,-74.051949,Vandalism,8/25/2023,4:00,Clear,3
NYPD-434453,40.720746,-73.987006,Theft,2/5/2023,11:41,Clear,4
NYPD-961185,40.69896,-74.00346,Narcotics,11/27/2023,19:07,Rain,2
NYPD-360398,40.70083,-74.027279,Robbery,8/4/2023,20:26,Rain,8
NYPD-460015,40.685513,-73.992922,Narcotics,6/22/2023,17:22,Clear,2
NYPD-476967,40.776357,-73.956421,Assault,9/12/2023,18:09,Clear,8
NYPD-987104,40.709925,-73.964438,Vandalism,2/10/2023,14:55,Snow,1
NYPD-822763,40.786878,-73.827634,Burglary,10/20/2023,19:20,Clear,4
NYPD-687896,40.711039,-73.980586,Assault,11/22/2023,5:38,Clear,9
NYPD-351824,40.723282,-74.019168,Robbery,10/31/2023,21:34,Rain,10
NYPD-102963,40.728852,-74.034559,Theft,8/30/2023,6:56,Fog,3
NYPD-710942,40.682704,-73.999758,Theft,9/19/2023,0:45,Clear,4
NYPD-778132,40.787864,-73.962645,Assault,5/7/2023,20:53,Clear,6
NYPD-882222,40.603935,-74.042193,Assault,12/14/2023,1:01,Clear,7
NYPD-936312,40.713511,-74.025891,Theft,8/9/2023,11:07,Clear,1
NYPD-142193,40.732319,-74.026545,Theft,5/31/2023,2:57,Clear,1
NYPD-910331,40.671081,-73.834544,Assault,11/20/2023,20:03,Clear,8
NYPD-500516,40.697883,-74.024486,Theft,10/11/2023,6:26,Fog,3
NYPD-738499,40.802972,-73.923602,Theft,9/11/2023,11:39,Clear,2
NYPD-590545,40.808523,-73.902344,Burglary,11/9/2023,21:52,Clear,4
NYPD-878767,40.725234,-73.978133,Vandalism,2/13/2023,6:02,Clear,4
NYPD-396539,40.887083,-73.882146,Robbery,5/4/2023,3:19,Snow,7
NYPD-568656,40.847453,-73.985094,Assault,7/10/2023,20:02,Rain,9
NYPD-465819,40.712627,-73.997835,Burglary,2/5/2023,2:25,Clear,4
NYPD-611889,40.716186,-74.002661,Burglary,1/3/2023,1:48,Clear,3
NYPD-944936,40.753157,-73.890756,Theft,8/2/2023,20:41,Clear,3
NYPD-617559,40.899301,-74.007235,Assault,3/16/2023,20:44,Rain,10
NYPD-110807,40.692139,-73.994857,Theft,8/1/2023,1:51,Clear,3
NYPD-563858,40.674776,-73.934319,Burglary,3/27/2023,23:34,Clear,3
NYPD-827226,40.815042,-73.955357,Burglary,10/13/2023,22:30,Clear,2
NYPD-247391,40.795341,-73.978999,Vandalism,2/6/2023,3:59,Clear,4
NYPD-539891,40.708373,-74.0232,Robbery,10/7/2023,0:41,Clear,9
NYPD-191641,40.813489,-73.917114,Assault,6/4/2023,20:44,Clear,7
NYPD-103006,40.704259,-73.991939,Assault,2/12/2023,21:55,Fog,8
NYPD-217512,40.710209,-73.991084,Theft,10/14/2023,10:46,Clear,4
NYPD-591748,40.697578,-74.002217,Theft,11/16/2023,7:05,Clear,3
NYPD-475259,40.728858,-73.978766,Assault,9/16/2023,5:38,Clear,8
NYPD-793806,40.705868,-73.974511,Vandalism,4/13/2023,4:12,Rain,2
NYPD-464111,40.764647,-74.043306,Narcotics,6/7/2023,8:04,Clear,2
NYPD-583058,40.683733,-73.995391,Theft,8/5/2023,19:35,Rain,4
NYPD-409618,40.707468,-73.994754,Narcotics,6/5/2023,8:31,Fog,4
NYPD-546231,40.686565,-73.994537,Theft,7/3/2023,12:50,Fog,3
NYPD-297435,40.775853,-73.947218,Assault,8/9/2023,20:43,Clear,7
NYPD-458385,40.721306,-74.009389,Theft,3/13/2023,10:08,Clear,1
NYPD-468018,40.728868,-73.909253,Vandalism,4/30/2023,9:48,Rain,4
NYPD-344752,40.817214,-73.953325,Assault,6/12/2023,5:08,Clear,7
NYPD-951368,40.823836,-73.824472,Narcotics,1/1/2023,1:04,Snow,4
NYPD-208679,40.679022,-74.033768,Theft,2/8/2023,17:04,Fog,4
NYPD-159102,40.698652,-74.006274,Narcotics,3/27/2023,22:26,Rain,2
NYPD-731420,40.819081,-73.982591,Assault,6/13/2023,18:09,Clear,9
NYPD-239344,40.692476,-74.0256,Theft,7/30/2023,23:49,Clear,2
NYPD-527693,40.722189,-73.99885,Assault,7/10/2023,4:57,Clear,8
NYPD-908386,40.692673,-73.993891,Theft,8/23/2023,20:44,Clear,1
NYPD-848118,40.687103,-74.016109,Narcotics,9/7/2023,12:43,Clear,4
NYPD-896435,40.61943,-73.800304,Vandalism,7/1/2023,14:29,Rain,3
NYPD-684538,40.712276,-74.021431,Vandalism,11/12/2023,2:53,Rain,5
NYPD-948219,40.731438,-73.993788,Assault,11/16/2023,1:29,Snow,4
NYPD-867852,40.701597,-74.016013,Narcotics,5/3/2023,19:59,Clear,4
NYPD-318853,40.797999,-73.975142,Narcotics,12/1/2023,4:47,Clear,2
NYPD-672928,40.751988,-73.974159,Theft,7/28/2023,11:41,Fog,5
NYPD-265237,40.886924,-74.094836,Burglary,3/25/2023,20:42,Clear,3
NYPD-503152,40.797864,-73.937207,Theft,8/9/2023,2:39,Fog,2
NYPD-201526,40.712168,-74.006117,Theft,6/2/2023,21:32,Clear,2
NYPD-900704,40.7055,-74.013624,Theft,5/20/2023,15:18,Snow,3
NYPD-736398,40.711093,-74.025406,Burglary,9/8/2023,4:43,Clear,1
NYPD-999893,40.777562,-74.062025,Burglary,10/11/2023,20:26,Clear,2
NYPD-357194,40.721362,-74.032801,Theft,5/14/2023,20:16,Clear,1
NYPD-111715,40.800921,-73.963474,Burglary,2/17/2023,21:24,Rain,3
NYPD-456426,40.665446,-73.991424,Theft,12/9/2023,22:13,Clear,3
NYPD-838600,40.683599,-73.995438,Burglary,8/28/2023,23:43,Clear,2
NYPD-666931,40.771496,-73.892113,Burglary,1/25/2023,5:12,Clear,1
NYPD-667836,40.704592,-74.001848,Theft,4/24/2023,21:17,Clear,3
NYPD-684188,40.701304,-74.030272,Narcotics,6/27/2023,18:48,Rain,4
NYPD-678203,40.691704,-74.023637,Narcotics,10/19/2023,15:04,Clear,2
NYPD-518950,40.727776,-74.000204,Theft,8/19/2023,23:53,Rain,3
NYPD-775887,40.799342,-73.969656,Theft,5/9/2023,22:00,Fog,3
NYPD-139315,40.722939,-74.036651,Theft,1/29/2023,1:22,Clear,1
NYPD-456817,40.700802,-73.997041,Theft,5/3/2023,6:45,Rain,5
NYPD-186191,40.730493,-73.990694,Assault,4/3/2023,22:33,Snow,9
NYPD-981238,40.732365,-73.988012,Burglary,5/16/2023,22:31,Rain,2
NYPD-836820,40.714437,-73.994951,Assault,1/27/2023,21:20,Rain,9
NYPD-679127,40.697975,-74.010624,Theft,5/12/2023,18:14,Clear,1
NYPD-563307,40.79735,-73.891612,Vandalism,4/16/2023,13:02,Clear,2
NYPD-766306,40.784878,-73.956997,Theft,5/28/2023,3:06,Fog,4
NYPD-963267,40.867545,-73.979368,Theft,1/15/2023,0:50,Rain,2
NYPD-270720,40.715151,-74.00783,Burglary,12/14/2023,20:58,Clear,1
NYPD-883477,40.689331,-73.999937,Assault,10/22/2023,4:03,Clear,5
NYPD-813340,40.714712,-74.002069,Vandalism,9/28/2023,0:20,Fog,5
NYPD-164337,40.708382,-73.973197,Theft,4/2/2023,8:33,Clear,1
NYPD-623259,40.701274,-74.009374,Vandalism,10/2/2023,16:49,Clear,4
NYPD-563115,40.720436,-74.022028,Theft,12/7/2023,20:32,Clear,1
NYPD-612709,40.700809,-73.969554,Theft,8/12/2023,22:59,Clear,1
NYPD-451875,40.739083,-73.984683,Theft,5/26/2023,19:59,Clear,1
NYPD-985835,40.709286,-74.01941,Vandalism,6/27/2023,6:09,Rain,2
NYPD-744222,40.740961,-73.98817,Burglary,4/28/2023,18:32,Rain,3
NYPD-261247,40.789724,-73.939813,Robbery,10/15/2023,0:32,Clear,7
NYPD-469338,40.747187,-74.012921,Vandalism,2/6/2023,3:02,Clear,3
NYPD-190179,40.602878,-74.053875,Burglary,6/25/2023,20:02,Snow,4
NYPD-378697,40.722481,-73.986187,Burglary,3/23/2023,22:27,Fog,2
NYPD-316774,40.729093,-74.011156,Assault,10/9/2023,2:21,Clear,6
NYPD-350640,40.689923,-74.034127,Burglary,4/8/2023,18:02,Snow,3
NYPD-550099,40.765231,-73.947592,Theft,11/24/2023,6:35,Rain,5
NYPD-796951,40.721075,-74.00819,Vandalism,11/14/2023,8:38,Rain,4
NYPD-657797,40.745483,-73.99982,Burglary,3/28/2023,19:13,Fog,5
NYPD-571928,40.69305,-74.006026,Burglary,11/12/2023,18:13,Clear,3
NYPD-628164,40.707216,-74.011865,Narcotics,6/12/2023,2:49,Clear,3
NYPD-394309,40.813119,-73.922406,Vandalism,1/26/2023,16:25,Clear,1
NYPD-250027,40.717636,-73.998524,Theft,10/20/2023,18:47,Rain,4
NYPD-848103,40.717915,-74.018778,Theft,6/3/2023,8:11,Clear,2
NYPD-359176,40.708768,-74.005652,Narcotics,10/25/2023,14:36,Rain,5
NYPD-682826,40.721377,-73.990526,Burglary,1/12/2023,22:41,Clear,4
NYPD-860306,40.811732,-73.8656,Burglary,7/7/2023,22:43,Snow,1
NYPD-423113,40.731977,-74.004552,Vandalism,1/15/2023,9:09,Clear,3
NYPD-429653,40.717439,-74.018936,Robbery,7/31/2023,4:10,Clear,6
NYPD-835801,40.707701,-73.978593,Robbery,1/16/2023,21:14,Fog,9
NYPD-740831,40.719856,-73.994385,Theft,11/28/2023,9:56,Fog,5
NYPD-790415,40.701574,-73.973015,Theft,2/15/2023,11:14,Clear,4
NYPD-472716,40.687273,-74.007849,Vandalism,2/20/2023,7:18,Rain,2
NYPD-320200,40.720455,-74.002349,Burglary,8/14/2023,1:10,Clear,1
NYPD-867605,40.69413,-74.023527,Burglary,3/16/2023,4:03,Clear,3
NYPD-644975,40.719558,-73.997811,Burglary,2/10/2023,3:03,Clear,1
NYPD-981723,40.817458,-73.956297,Theft,9/17/2023,15:35,Clear,1
NYPD-948460,40.72944,-74.036644,Vandalism,9/3/2023,0:45,Clear,3
NYPD-277916,40.772492,-73.944746,Vandalism,8/29/2023,15:32,Clear,2
NYPD-596504,40.713586,-74.022376,Theft,2/20/2023,9:41,Fog,2
NYPD-814860,40.697491,-73.971562,Theft,1/22/2023,3:10,Clear,2
NYPD-729408,40.828785,-74.097474,Burglary,11/26/2023,18:00,Clear,3
NYPD-350881,40.702091,-73.998783,Burglary,12/2/2023,21:17,Clear,4
NYPD-567290,40.712085,-74.001164,Assault,1/29/2023,21:02,Rain,7
NYPD-407660,40.708055,-73.995795,Narcotics,12/13/2023,12:47,Snow,3
NYPD-324593,40.6877,-74.008724,Vandalism,10/28/2023,1:53,Snow,2
NYPD-358384,40.828457,-73.939485,Theft,1/8/2023,23:43,Clear,1
NYPD-183088,40.740229,-73.994009,Theft,12/6/2023,4:49,Clear,4
NYPD-335406,40.766876,-73.963653,Theft,8/19/2023,12:21,Rain,4
NYPD-249352,40.707785,-74.008149,Robbery,4/16/2023,21:22,Clear,9
NYPD-543490,40.69888,-73.986626,Theft,5/22/2023,10:50,Clear,3
NYPD-166029,40.742345,-74.007165,Assault,12/26/2023,18:14,Snow,5
NYPD-145292,40.717923,-73.981775,Theft,6/15/2023,17:04,Fog,5
NYPD-743785,40.859156,-73.900527,Burglary,2/20/2023,20:06,Fog,4
NYPD-722098,40.729803,-74.018421,Assault,3/17/2023,0:40,Clear,8
NYPD-843862,40.852196,-73.81796,Theft,6/26/2023,2:54,Clear,4
NYPD-421234,40.714483,-73.988679,Theft,1/16/2023,0:57,Clear,3
NYPD-820404,40.857047,-73.898124,Theft,9/28/2023,20:11,Clear,4
NYPD-202385,40.716996,-74.017997,Assault,9/9/2023,4:01,Snow,9
NYPD-296334,40.697593,-73.986299,Assault,10/20/2023,20:33,Rain,9
NYPD-343992,40.714141,-74.013777,Assault,5/6/2023,1:25,Rain,6
NYPD-402235,40.715204,-73.984085,Theft,4/16/2023,2:00,Clear,4
NYPD-322813,40.702331,-74.005812,Assault,5/27/2023,21:16,Clear,8
NYPD-860950,40.612333,-73.843395,Assault,1/30/2023,4:05,Snow,9
NYPD-387652,40.721921,-73.997,Robbery,10/27/2023,5:46,Rain,6
NYPD-577670,40.838271,-73.846389,Theft,5/1/2023,9:40,Rain,2
NYPD-718916,40.71076,-74.005172,Assault,12/9/2023,22:57,Rain,7
NYPD-614843,40.719546,-74.0326,Theft,12/28/2023,10:38,Rain,5
NYPD-663151,40.809006,-73.984965,Robbery,6/22/2023,23:02,Rain,7
NYPD-569171,40.834421,-73.848274,Theft,10/28/2023,12:39,Clear,3
NYPD-283096,40.72111,-74.000034,Assault,2/5/2023,4:02,Rain,8
NYPD-493796,40.722002,-73.992935,Theft,6/29/2023,14:20,Clear,4
NYPD-871390,40.707551,-74.007062,Narcotics,3/12/2023,4:32,Clear,3
NYPD-743954,40.809076,-73.927515,Theft,7/14/2023,21:02,Fog,2
NYPD-950818,40.707425,-74.010181,Assault,10/9/2023,2:43,Clear,5
NYPD-951342,40.734964,-73.816373,Assault,2/7/2023,5:59,Rain,10
NYPD-835137,40.730951,-73.995161,Theft,12/12/2023,4:13,Clear,4
NYPD-986311,40.734408,-74.003136,Theft,8/4/2023,23:14,Clear,4
NYPD-734817,40.820459,-73.918937,Theft,2/4/2023,19:30,Snow,2
NYPD-669152,40.713188,-74.014774,Burglary,12/9/2023,1:30,Rain,3
NYPD-643170,40.729644,-74.002968,Theft,12/16/2023,19:05,Snow,2
NYPD-975955,40.685248,-73.968262,Theft,3/26/2023,5:48,Clear,2
NYPD-500455,40.798673,-73.965775,Assault,3/25/2023,22:22,Clear,5
NYPD-306390,40.704737,-74.029713,Robbery,7/13/2023,4:35,Rain,10
NYPD-371582,40.692511,-74.008515,Assault,8/7/2023,4:34,Rain,7
NYPD-734897,40.711171,-73.99873,Burglary,7/7/2023,18:03,Clear,4
NYPD-690467,40.71323,-73.980386,Theft,6/29/2023,10:38,Snow,2
NYPD-251527,40.721438,-73.98744,Burglary,9/7/2023,19:02,Clear,2
NYPD-488405,40.708961,-73.998453,Assault,2/12/2023,23:20,Clear,7
NYPD-332755,40.850133,-74.080226,Theft,4/12/2023,15:06,Clear,3
NYPD-165695,40.818081,-73.972707,Burglary,4/17/2023,18:43,Clear,4
NYPD-458863,40.715868,-73.997081,Theft,11/28/2023,8:59,Snow,4
NYPD-821179,40.793148,-74.02906,Assault,3/23/2023,19:20,Fog,7
NYPD-899310,40.815851,-73.967179,Assault,8/23/2023,1:23,Clear,5
NYPD-518417,40.721264,-73.991461,Burglary,9/7/2023,0:14,Clear,2
NYPD-860964,40.70252,-74.008839,Robbery,10/16/2023,0:37,Snow,8
NYPD-801702,40.731361,-74.010576,Theft,8/31/2023,10:08,Fog,4
NYPD-648532,40.777628,-73.939275,Assault,12/28/2023,22:41,Clear,6
NYPD-736985,40.70913,-73.985806,Burglary,11/11/2023,2:52,Clear,1
NYPD-391533,40.711554,-74.013647,Narcotics,9/20/2023,18:18,Clear,4
NYPD-371904,40.713528,-73.984213,Vandalism,11/20/2023,3:14,Fog,2
NYPD-459964,40.742314,-74.001752,Theft,9/30/2023,6:55,Rain,3
NYPD-276010,40.716692,-74.022712,Theft,2/11/2023,9:45,Rain,2
NYPD-124556,40.730121,-74.0121,Burglary,10/14/2023,19:14,Clear,1
NYPD-542496,40.655113,-73.988645,Burglary,9/17/2023,21:48,Clear,4
NYPD-718877,40.700982,-73.995126,Burglary,7/13/2023,3:43,Clear,2
NYPD-232945,40.800286,-73.931472,Theft,9/24/2023,17:42,Clear,2
NYPD-352611,40.720984,-73.99302,Assault,12/19/2023,19:37,Clear,5
NYPD-324330,40.813876,-73.887349,Assault,8/30/2023,21:59,Clear,8
NYPD-156922,40.746279,-73.992026,Theft,8/9/2023,16:50,Snow,2
NYPD-759525,40.791155,-73.960498,Theft,10/6/2023,23:18,Fog,4
NYPD-143751,40.713851,-73.978944,Theft,5/19/2023,19:39,Clear,2
NYPD-343127,40.687833,-74.007709,Theft,7/17/2023,17:51,Clear,4
NYPD-397663,40.72966,-74.016698,Narcotics,4/2/2023,10:31,Clear,2
NYPD-246037,40.713741,-73.990492,Vandalism,3/29/2023,5:26,Rain,3
NYPD-650101,40.836182,-73.931465,Theft,12/5/2023,11:59,Clear,1
NYPD-349966,40.719939,-73.999026,Vandalism,10/6/2023,11:25,Snow,1
NYPD-987763,40.705346,-73.999668,Robbery,6/2/2023,2:01,Clear,9
NYPD-499192,40.787992,-73.94926,Burglary,9/13/2023,22:32,Clear,2
NYPD-570199,40.738644,-74.002325,Assault,1/15/2023,22:11,Clear,6
NYPD-652661,40.798156,-73.895041,Assault,5/19/2023,19:11,Clear,7
NYPD-496413,40.727443,-74.007333,Theft,9/12/2023,10:31,Rain,4
NYPD-766012,40.715572,-73.993941,Vandalism,2/12/2023,11:39,Rain,2
NYPD-733570,40.701905,-73.994079,Theft,1/25/2023,3:22,Rain,5
NYPD-702279,40.71385,-73.981417,Burglary,2/26/2023,18:26,Rain,5
NYPD-750629,40.704779,-73.998199,Theft,5/25/2023,22:39,Snow,2
NYPD-485158,40.69669,-74.005324,Burglary,8/12/2023,4:12,Clear,1
NYPD-108038,40.71105,-73.989074,Vandalism,7/1/2023,20:25,Fog,2
NYPD-372783,40.700015,-74.01035,Vandalism,1/9/2023,19:03,Rain,4
NYPD-496969,40.705082,-74.002454,Burglary,6/8/2023,1:08,Clear,3
NYPD-291840,40.758176,-74.015981,Burglary,8/30/2023,21:55,Clear,1
NYPD-129892,40.766064,-73.953808,Robbery,3/20/2023,0:24,Clear,9
NYPD-524684,40.729752,-73.995033,Vandalism,12/22/2023,15:33,Clear,2
NYPD-427915,40.814599,-73.908469,Burglary,10/29/2023,20:25,Snow,4
NYPD-562191,40.701233,-74.016059,Theft,7/17/2023,17:32,Clear,1
NYPD-450573,40.720148,-74.020886,Theft,8/28/2023,18:11,Clear,3
NYPD-398320,40.733248,-74.012581,Theft,9/10/2023,15:22,Clear,2
NYPD-621259,40.706479,-74.017031,Burglary,11/19/2023,19:14,Clear,4
NYPD-289298,40.708249,-74.027426,Theft,8/1/2023,9:16,Fog,3
NYPD-199017,40.797213,-73.935469,Theft,4/8/2023,22:57,Clear,2
NYPD-507480,40.731975,-73.996604,Vandalism,10/25/2023,21:19,Rain,5
NYPD-541255,40.6805,-74.019271,Theft,5/3/2023,20:19,Rain,3
NYPD-507249,40.684197,-74.000357,Theft,3/12/2023,16:06,Clear,3
NYPD-135472,40.7439,-74.031058,Vandalism,7/21/2023,14:44,Fog,4
NYPD-289523,40.718015,-73.995164,Burglary,6/19/2023,21:43,Clear,3
NYPD-468193,40.720793,-74.007841,Assault,7/26/2023,3:34,Clear,6
NYPD-855498,40.708329,-73.988553,Burglary,11/23/2023,3:24,Clear,3
NYPD-441710,40.869036,-73.91292,Narcotics,3/20/2023,6:06,Rain,2
NYPD-425624,40.866917,-73.821519,Vandalism,5/12/2023,7:49,Clear,4
NYPD-939153,40.708322,-73.994618,Vandalism,6/12/2023,12:39,Clear,3
NYPD-366957,40.712109,-73.980289,Theft,10/6/2023,17:18,Snow,3
NYPD-692153,40.77711,-73.966666,Burglary,4/17/2023,3:26,Fog,3
NYPD-800326,40.796374,-73.950661,Vandalism,9/18/2023,8:12,Clear,3
NYPD-902408,40.710806,-74.032109,Burglary,1/31/2023,23:06,Clear,3
NYPD-395936,40.77722,-73.954684,Vandalism,1/25/2023,6:55,Clear,4
NYPD-137325,40.709228,-73.98843,Theft,7/10/2023,23:49,Clear,4
NYPD-269281,40.68866,-73.977865,Burglary,10/15/2023,20:10,Clear,4
NYPD-673465,40.676068,-74.072449,Theft,6/2/2023,4:55,Fog,4
NYPD-232078,40.864845,-73.916857,Theft,7/5/2023,18:53,Clear,2
NYPD-921417,40.79227,-73.975484,Assault,4/28/2023,23:30,Snow,6
NYPD-803657,40.714217,-74.011616,Assault,12/9/2023,0:04,Clear,8
NYPD-193178,40.836775,-73.930938,Burglary,2/15/2023,5:39,Clear,4
NYPD-341800,40.878538,-74.060415,Assault,5/29/2023,2:42,Clear,6
NYPD-442822,40.743117,-73.997546,Robbery,12/26/2023,20:23,Clear,7
NYPD-179661,40.689872,-74.017279,Theft,8/7/2023,19:47,Clear,3
NYPD-620325,40.714641,-74.012732,Assault,10/23/2023,23:01,Rain,8
NYPD-194336,40.708919,-74.013079,Vandalism,9/21/2023,16:03,Clear,3
NYPD-769470,40.661742,-73.926372,Theft,5/5/2023,18:52,Clear,2
NYPD-476846,40.837186,-73.946252,Theft,9/13/2023,5:15,Clear,3
NYPD-353801,40.715005,-74.028569,Theft,10/6/2023,3:50,Snow,2
NYPD-553819,40.719763,-74.019769,Assault,11/20/2023,20:32,Clear,6
NYPD-891867,40.798001,-73.958871,Vandalism,12/19/2023,17:36,Clear,1
NYPD-264017,40.788714,-73.957865,Burglary,4/18/2023,21:58,Snow,1
NYPD-316515,40.688637,-73.997593,Narcotics,10/1/2023,22:36,Clear,4
NYPD-521361,40.714925,-74.017156,Burglary,4/10/2023,5:40,Clear,4
NYPD-423949,40.718134,-74.020867,Theft,12/26/2023,9:03,Clear,2
NYPD-991012,40.722081,-73.995868,Theft,2/7/2023,16:34,Clear,2
NYPD-463965,40.708846,-74.001681,Assault,6/12/2023,20:01,Clear,4
NYPD-817799,40.676366,-73.986014,Assault,11/11/2023,20:38,Snow,9
NYPD-638850,40.787631,-73.956925,Robbery,9/1/2023,1:37,Rain,9
NYPD-666893,40.822128,-73.898768,Theft,4/22/2023,2:24,Clear,4
NYPD-468185,40.720327,-73.991551,Theft,11/12/2023,22:45,Clear,1
NYPD-991859,40.71569,-74.015157,Theft,11/11/2023,9:19,Rain,4
NYPD-780151,40.736267,-73.983865,Theft,3/11/2023,0:54,Snow,2
NYPD-780800,40.715163,-73.993537,Narcotics,7/25/2023,5:47,Clear,2
NYPD-661131,40.801894,-73.97888,Assault,2/6/2023,1:28,Rain,6
NYPD-390800,40.728462,-73.996924,Vandalism,12/11/2023,20:24,Clear,2
NYPD-873244,40.725472,-74.003419,Theft,2/22/2023,11:05,Snow,2
NYPD-377208,40.669897,-73.99754,Narcotics,4/30/2023,15:51,Clear,3
NYPD-160423,40.707715,-74.000548,Theft,5/30/2023,1:16,Clear,2
NYPD-597787,40.780054,-73.95198,Narcotics,6/22/2023,2:42,Rain,5
NYPD-362169,40.781549,-73.904321,Assault,7/15/2023,1:31,Clear,7
NYPD-615414,40.731941,-74.006795,Theft,11/2/2023,0:06,Fog,2
NYPD-586786,40.719441,-74.010597,Vandalism,9/5/2023,17:26,Snow,1
NYPD-807852,40.725118,-74.009924,Assault,1/6/2023,2:31,Clear,9
NYPD-261656,40.717394,-73.994943,Theft,4/12/2023,9:26,Clear,1
NYPD-771257,40.71969,-73.99817,Theft,2/5/2023,5:30,Rain,3
NYPD-499482,40.785669,-73.95576,Vandalism,3/16/2023,1:33,Clear,4
NYPD-763600,40.718001,-74.03163,Theft,2/17/2023,15:09,Fog,5
NYPD-664012,40.800172,-73.928322,Theft,4/30/2023,3:28,Clear,2
NYPD-722178,40.708428,-74.007271,Burglary,5/3/2023,3:35,Clear,3
NYPD-767719,40.686198,-74.009939,Theft,8/25/2023,10:06,Clear,3
NYPD-306352,40.730583,-73.984229,Burglary,4/13/2023,21:21,Fog,2
NYPD-484706,40.727262,-73.996625,Burglary,1/15/2023,22:25,Clear,3
NYPD-567745,40.714767,-73.994264,Narcotics,3/19/2023,20:15,Rain,5
NYPD-816124,40.707347,-74.021408,Vandalism,6/3/2023,6:59,Clear,2
NYPD-994436,40.831653,-73.942019,Theft,10/1/2023,8:50,Fog,5
NYPD-213279,40.70287,-74.010035,Vandalism,2/11/2023,0:21,Clear,1
NYPD-768342,40.653854,-73.885845,Narcotics,9/6/2023,16:50,Clear,2
NYPD-958764,40.700614,-74.027559,Vandalism,10/6/2023,4:49,Snow,4
NYPD-653786,40.724742,-73.997005,Assault,6/18/2023,5:44,Fog,7
NYPD-689879,40.716324,-73.979095,Theft,8/31/2023,21:11,Clear,4
NYPD-252860,40.693503,-73.988888,Assault,6/24/2023,22:42,Clear,6
NYPD-740866,40.715268,-74.0076,Vandalism,9/4/2023,9:46,Clear,3
NYPD-992261,40.866238,-73.936043,Burglary,1/22/2023,3:35,Rain,4
NYPD-802438,40.711216,-74.000321,Theft,5/22/2023,16:57,Clear,2
NYPD-528590,40.708275,-73.989456,Theft,1/28/2023,14:42,Clear,3
NYPD-682776,40.704333,-74.013581,Burglary,10/27/2023,0:17,Clear,3
NYPD-427413,40.703838,-74.009852,Theft,3/8/2023,18:18,Clear,3
NYPD-948086,40.750553,-73.972363,Vandalism,11/7/2023,11:36,Clear,3
NYPD-413458,40.685896,-74.001699,Theft,1/2/2023,13:14,Clear,1
NYPD-505628,40.724488,-74.006616,Theft,5/14/2023,2:00,Snow,4
NYPD-639864,40.69822,-74.037657,Burglary,8/31/2023,19:11,Rain,5
NYPD-411449,40.834699,-73.852638,Assault,8/8/2023,5:09,Clear,8
NYPD-501444,40.73199,-74.020054,Assault,8/8/2023,5:03,Clear,8
NYPD-527568,40.71044,-74.019247,Theft,9/24/2023,17:57,Clear,3
NYPD-797781,40.709116,-73.991205,Narcotics,10/16/2023,4:36,Clear,3
NYPD-824338,40.802776,-73.810909,Narcotics,11/14/2023,13:08,Clear,1
NYPD-850254,40.729185,-74.012373,Assault,11/5/2023,0:19,Clear,10
NYPD-174584,40.704721,-74.00847,Vandalism,5/30/2023,21:26,Clear,4
NYPD-386451,40.647483,-74.069996,Assault,11/23/2023,4:07,Clear,6
NYPD-113996,40.697485,-73.998484,Assault,5/27/2023,23:37,Clear,4
NYPD-884941,40.723113,-74.021732,Robbery,11/9/2023,23:49,Fog,10
NYPD-939637,40.897267,-74.012277,Vandalism,6/10/2023,9:43,Clear,1
NYPD-407547,40.725128,-73.99391,Theft,1/18/2023,1:32,Clear,3
NYPD-623741,40.730989,-74.01593,Vandalism,6/11/2023,14:01,Clear,4
NYPD-432716,40.693848,-74.088859,Burglary,12/20/2023,19:09,Clear,4
NYPD-916493,40.703822,-73.997017,Theft,1/17/2023,11:22,Clear,4
NYPD-929158,40.695337,-74.000568,Robbery,8/26/2023,1:46,Rain,5
NYPD-311696,40.808131,-73.952409,Narcotics,3/26/2023,8:15,Clear,4
NYPD-274200,40.826946,-73.947576,Burglary,7/20/2023,22:53,Snow,1
NYPD-344538,40.830104,-73.944907,Narcotics,7/24/2023,18:17,Snow,2
NYPD-661823,40.764729,-74.099906,Burglary,12/26/2023,3:54,Clear,3
NYPD-720267,40.709708,-73.977561,Theft,2/16/2023,13:18,Fog,5
NYPD-646791,40.722725,-73.976966,Vandalism,3/11/2023,12:55,Clear,4
NYPD-983945,40.795227,-73.928779,Theft,1/25/2023,3:09,Clear,1
NYPD-981251,40.717569,-73.984923,Vandalism,5/9/2023,20:17,Clear,2
NYPD-965281,40.703432,-74.004238,Vandalism,9/25/2023,20:16,Clear,3
NYPD-863557,40.704124,-74.028471,Theft,11/8/2023,10:45,Rain,5
NYPD-886998,40.709099,-74.01784,Vandalism,3/21/2023,13:50,Rain,4
NYPD-270500,40.720078,-74.009059,Assault,2/18/2023,4:49,Fog,6
NYPD-432936,40.735607,-74.018379,Assault,3/12/2023,2:01,Clear,6
NYPD-836821,40.657775,-73.937368,Theft,9/8/2023,3:29,Clear,4
NYPD-730520,40.785067,-74.084907,Assault,3/15/2023,2:22,Clear,5
NYPD-828964,40.70157,-74.026583,Assault,3/31/2023,5:39,Clear,5
NYPD-730463,40.857694,-73.964558,Burglary,9/3/2023,19:21,Clear,2
NYPD-604403,40.688889,-73.83581,Vandalism,11/14/2023,10:50,Clear,2
NYPD-685027,40.702477,-73.991023,Theft,10/4/2023,9:07,Snow,3
NYPD-273790,40.828787,-73.963661,Theft,6/18/2023,11:11,Fog,5
NYPD-562751,40.712535,-73.984291,Robbery,12/26/2023,4:27,Clear,9
NYPD-181902,40.707875,-74.022271,Theft,6/4/2023,6:18,Clear,2
NYPD-802399,40.821177,-74.037013,Theft,6/19/2023,15:40,Clear,3
NYPD-852295,40.885322,-73.801284,Theft,11/21/2023,20:54,Clear,3
NYPD-114103,40.739177,-74.016917,Assault,12/17/2023,1:12,Clear,4
NYPD-718916,40.72337,-74.024522,Theft,9/6/2023,19:21,Clear,1
NYPD-850311,40.682216,-74.040816,Burglary,8/21/2023,3:06,Clear,1
NYPD-352036,40.722321,-73.995947,Assault,3/29/2023,20:19,Clear,7
NYPD-442052,40.724593,-74.022942,Vandalism,10/4/2023,7:29,Clear,3
NYPD-289518,40.715676,-73.977302,Vandalism,5/14/2023,13:05,Clear,3
NYPD-595635,40.689867,-74.027358,Theft,1/29/2023,15:48,Clear,4
NYPD-856021,40.804463,-73.952839,Vandalism,1/16/2023,11:30,Clear,1
NYPD-509486,40.825803,-73.886262,Assault,8/21/2023,23:18,Clear,8
NYPD-178083,40.801413,-73.952445,Theft,4/27/2023,7:20,Clear,3
NYPD-183856,40.801576,-73.92457,Assault,1/23/2023,23:53,Clear,9
NYPD-609732,40.707703,-73.987113,Burglary,1/1/2023,4:27,Clear,4
NYPD-781471,40.72164,-74.031006,Theft,2/21/2023,20:38,Clear,4
NYPD-710097,40.727827,-74.002773,Narcotics,5/18/2023,10:32,Rain,2
NYPD-586956,40.695615,-73.996092,Theft,10/25/2023,22:14,Rain,2
NYPD-973413,40.721461,-73.989594,Burglary,6/5/2023,0:34,Clear,3
NYPD-404530,40.68641,-73.997207,Narcotics,4/13/2023,2:19,Rain,3
NYPD-589218,40.737498,-74.007073,Narcotics,8/23/2023,3:11,Clear,3
NYPD-451180,40.716025,-74.007884,Burglary,7/11/2023,19:47,Clear,2
NYPD-668658,40.713029,-73.997449,Theft,9/24/2023,18:43,Clear,1
NYPD-526091,40.695765,-74.000203,Vandalism,5/12/2023,9:22,Clear,2
NYPD-593591,40.716359,-74.010723,Theft,8/31/2023,6:05,Clear,1
NYPD-598456,40.690459,-74.009209,Robbery,8/9/2023,22:40,Rain,8
NYPD-237273,40.707881,-74.008352,Theft,11/29/2023,2:21,Clear,2
NYPD-357825,40.811054,-73.952037,Robbery,4/10/2023,0:38,Clear,8
NYPD-450808,40.723236,-74.006216,Theft,4/20/2023,0:37,Clear,4
NYPD-301379,40.708832,-73.988528,Burglary,2/1/2023,5:17,Clear,3
NYPD-578116,40.694627,-74.005766,Assault,10/7/2023,2:00,Clear,4
NYPD-730807,40.732182,-73.994292,Vandalism,10/9/2023,6:08,Rain,2
NYPD-948940,40.727341,-74.010929,Assault,10/23/2023,5:49,Clear,6
NYPD-517334,40.715202,-74.004529,Assault,9/28/2023,22:43,Rain,8
NYPD-399107,40.702434,-74.015812,Robbery,12/3/2023,5:34,Clear,4
NYPD-794160,40.699678,-74.014104,Assault,5/31/2023,22:23,Clear,5
NYPD-584390,40.799804,-74.013315,Assault,3/30/2023,3:41,Rain,7
NYPD-274236,40.723807,-73.995001,Theft,3/28/2023,6:16,Clear,4
NYPD-494954,40.701371,-73.996947,Assault,11/8/2023,23:35,Rain,8
NYPD-730416,40.727796,-74.022081,Vandalism,4/23/2023,19:30,Rain,4
NYPD-206201,40.706287,-74.008761,Theft,4/5/2023,13:33,Clear,2
NYPD-319515,40.726636,-74.008941,Assault,8/20/2023,1:27,Clear,8
NYPD-540957,40.721923,-73.978175,Theft,10/7/2023,23:28,Clear,1
NYPD-449559,40.717843,-74.011793,Assault,2/11/2023,0:25,Snow,8
NYPD-350634,40.832854,-73.937847,Theft,10/2/2023,14:28,Snow,2
NYPD-282589,40.716949,-74.002573,Assault,6/25/2023,20:12,Clear,8
NYPD-887787,40.702659,-74.007696,Narcotics,9/30/2023,9:08,Clear,1
NYPD-491283,40.706892,-74.015695,Vandalism,11/14/2023,1:57,Rain,4
NYPD-681922,40.71419,-73.971497,Narcotics,11/13/2023,23:46,Clear,3
NYPD-258042,40.700778,-74.005838,Burglary,4/20/2023,0:34,Clear,1
NYPD-916518,40.697794,-74.002307,Vandalism,8/16/2023,8:17,Rain,3
NYPD-226969,40.615154,-73.811749,Burglary,12/5/2023,1:12,Clear,1
NYPD-674221,40.750241,-73.848591,Theft,10/22/2023,0:45,Rain,4
NYPD-564934,40.716621,-73.99169,Theft,6/12/2023,16:44,Clear,1
NYPD-183017,40.723166,-74.003921,Vandalism,8/29/2023,20:30,Fog,2
NYPD-275556,40.699938,-73.994722,Narcotics,4/12/2023,2:19,Fog,3
NYPD-300533,40.783956,-74.002493,Vandalism,5/12/2023,23:20,Clear,4
NYPD-315237,40.801185,-73.976758,Theft,6/4/2023,15:44,Clear,1
NYPD-720052,40.713614,-74.018554,Vandalism,9/5/2023,11:54,Clear,1
NYPD-969300,40.78008,-73.953482,Theft,7/31/2023,20:07,Clear,2
NYPD-330327,40.707374,-73.985909,Theft,10/10/2023,15:33,Clear,1
NYPD-324762,40.707184,-74.016458,Theft,8/21/2023,18:22,Snow,2
NYPD-643521,40.826677,-73.935005,Theft,4/21/2023,15:15,Clear,2
NYPD-642500,40.707236,-74.011297,Assault,12/12/2023,19:53,Clear,10
NYPD-303094,40.702511,-73.994847,Theft,1/11/2023,2:53,Clear,3
NYPD-905903,40.695796,-74.032612,Assault,11/12/2023,18:41,Clear,7
NYPD-764753,40.695882,-74.015596,Robbery,10/12/2023,20:11,Clear,9
NYPD-607245,40.715267,-74.031232,Theft,11/14/2023,14:54,Clear,1
NYPD-737558,40.776951,-73.924702,Vandalism,10/4/2023,6:24,Rain,5
NYPD-797350,40.738117,-74.016387,Vandalism,8/2/2023,2:22,Snow,1
NYPD-873301,40.64547,-73.848624,Theft,10/24/2023,17:27,Rain,3
NYPD-100896,40.721944,-73.993074,Theft,3/3/2023,9:22,Clear,1
NYPD-922441,40.709548,-73.996225,Burglary,10/5/2023,2:35,Clear,3
NYPD-477707,40.692816,-74.013252,Assault,1/14/2023,21:05,Clear,5
NYPD-124034,40.708882,-73.989394,Narcotics,12/16/2023,1:17,Clear,1
NYPD-416037,40.776702,-73.969144,Vandalism,10/9/2023,18:36,Clear,4
NYPD-358287,40.720643,-74.017328,Theft,3/30/2023,4:52,Fog,3
NYPD-238108,40.751308,-73.951096,Assault,4/22/2023,3:29,Clear,7
NYPD-959771,40.72621,-74.024325,Vandalism,10/16/2023,17:37,Clear,2
NYPD-877450,40.717784,-73.983499,Burglary,4/14/2023,2:56,Clear,3
NYPD-993771,40.720939,-73.985376,Assault,5/31/2023,3:40,Clear,7
NYPD-839957,40.708164,-73.900267,Narcotics,7/24/2023,16:03,Clear,1
NYPD-662774,40.888742,-74.033112,Theft,6/6/2023,14:06,Rain,2
NYPD-112035,40.691676,-74.006523,Vandalism,3/7/2023,13:39,Clear,3
NYPD-752045,40.726673,-73.999899,Theft,3/13/2023,13:57,Clear,3
NYPD-544987,40.682679,-74.009571,Assault,10/15/2023,1:37,Clear,8
NYPD-538171,40.815918,-74.044355,Theft,8/8/2023,6:32,Clear,4
NYPD-780726,40.700357,-73.984941,Narcotics,8/5/2023,17:48,Fog,2
NYPD-973233,40.822962,-73.901495,Vandalism,5/25/2023,22:40,Clear,3
NYPD-960835,40.763883,-73.820336,Vandalism,5/25/2023,0:49,Rain,2
NYPD-885742,40.809179,-73.960073,Vandalism,12/11/2023,12:27,Clear,2
NYPD-694860,40.735571,-74.019613,Assault,1/28/2023,4:36,Rain,7
NYPD-600726,40.832627,-73.964114,Theft,7/12/2023,5:13,Clear,1
NYPD-703852,40.722437,-73.980293,Robbery,2/26/2023,2:25,Clear,9
NYPD-757291,40.698735,-73.987427,Burglary,1/11/2023,21:10,Clear,3
NYPD-302951,40.709709,-74.003304,Burglary,12/22/2023,4:21,Snow,2
NYPD-838400,40.801199,-73.970298,Burglary,11/7/2023,18:50,Rain,5
NYPD-303438,40.800384,-73.964348,Burglary,2/4/2023,19:18,Snow,4
NYPD-344799,40.707651,-74.014916,Theft,1/3/2023,1:26,Clear,4
NYPD-773316,40.790124,-73.943985,Theft,12/16/2023,8:23,Clear,3
NYPD-254114,40.713719,-74.002827,Narcotics,9/20/2023,21:59,Rain,4
NYPD-340208,40.821263,-73.935257,Theft,4/27/2023,12:20,Clear,4
NYPD-598486,40.829952,-73.915397,Burglary,12/28/2023,3:41,Fog,2
NYPD-875173,40.817354,-73.952637,Assault,3/1/2023,18:07,Clear,4
NYPD-808105,40.721161,-73.99961,Narcotics,5/26/2023,23:22,Clear,1
NYPD-182557,40.720559,-73.989335,Burglary,1/5/2023,21:14,Snow,4
NYPD-140638,40.705645,-73.996895,Narcotics,12/29/2023,18:04,Rain,2
NYPD-722823,40.699598,-74.014679,Burglary,3/25/2023,22:34,Clear,2
NYPD-366718,40.714149,-73.997005,Theft,1/5/2023,11:16,Clear,3
NYPD-389076,40.688393,-73.999533,Narcotics,8/22/2023,0:00,Fog,3
NYPD-413113,40.668907,-73.994955,Assault,10/21/2023,0:49,Rain,8
NYPD-523169,40.691054,-74.014294,Assault,2/26/2023,22:53,Rain,6
NYPD-147024,40.712919,-74.032888,Narcotics,11/13/2023,7:54,Clear,3
NYPD-690545,40.655851,-73.836827,Theft,9/19/2023,14:35,Clear,4
NYPD-525132,40.716843,-73.97741,Assault,6/24/2023,21:13,Clear,7
NYPD-797241,40.718043,-74.007513,Vandalism,2/25/2023,6:44,Fog,3
NYPD-459927,40.713757,-73.992265,Burglary,1/1/2024,2:15,Clear,2
NYPD-138999,40.72782,-74.010093,Burglary,2/22/2023,0:57,Fog,2
NYPD-109128,40.702452,-73.992821,Theft,3/6/2023,1:11,Clear,3
NYPD-239278,40.831593,-73.947425,Vandalism,6/6/2023,10:41,Rain,5
NYPD-892808,40.748852,-74.002176,Theft,12/5/2023,10:16,Clear,3
NYPD-592350,40.720496,-73.972736,Theft,4/20/2023,10:41,Clear,3
NYPD-990540,40.781633,-73.929035,Theft,9/6/2023,9:05,Clear,3
NYPD-679664,40.699312,-74.031402,Narcotics,4/4/2023,4:24,Clear,1
NYPD-836224,40.623601,-73.987984,Burglary,6/2/2023,4:14,Clear,3
NYPD-144656,40.729025,-74.034176,Vandalism,5/16/2023,12:46,Snow,2
NYPD-358801,40.694983,-74.005593,Assault,8/3/2023,4:16,Clear,8
NYPD-650047,40.721413,-74.019856,Theft,10/21/2023,8:09,Fog,2
NYPD-882881,40.710095,-74.009284,Assault,6/7/2023,0:30,Rain,9
NYPD-847690,40.692433,-74.024285,Assault,5/6/2023,21:23,Rain,7
NYPD-261438,40.683267,-74.010973,Burglary,4/14/2023,1:25,Rain,5
NYPD-762335,40.687684,-73.999965,Assault,8/8/2023,5:13,Clear,8
NYPD-600093,40.797611,-73.919313,Burglary,1/27/2023,20:08,Snow,3
NYPD-967478,40.691742,-74.007031,Narcotics,4/18/2023,17:34,Clear,4
NYPD-393693,40.74225,-74.018549,Vandalism,6/12/2023,6:18,Snow,3
NYPD-169200,40.735965,-73.988352,Burglary,1/4/2023,19:02,Snow,2
NYPD-860405,40.735635,-74.006155,Vandalism,8/3/2023,10:11,Clear,3
NYPD-261712,40.70862,-74.011315,Theft,9/5/2023,9:21,Clear,2
NYPD-816024,40.696235,-74.009719,Vandalism,10/11/2023,17:40,Fog,4
NYPD-962638,40.692872,-74.007924,Theft,8/2/2023,14:07,Clear,3
NYPD-680929,40.719273,-73.99242,Assault,9/9/2023,0:50,Rain,6
NYPD-672652,40.715344,-73.990324,Assault,6/22/2023,2:21,Rain,6
NYPD-308133,40.723994,-74.013759,Narcotics,10/24/2023,20:29,Rain,3
NYPD-621411,40.715548,-74.002621,Theft,9/24/2023,6:56,Clear,2
NYPD-975459,40.715624,-74.010955,Burglary,3/1/2023,19:31,Rain,2
NYPD-112728,40.699762,-73.979786,Burglary,8/21/2023,4:14,Clear,1
NYPD-170346,40.805836,-73.93307,Theft,4/18/2023,20:20,Clear,3
NYPD-454721,40.802774,-74.073831,Narcotics,2/18/2023,6:01,Fog,2
NYPD-702678,40.728924,-73.988605,Theft,10/17/2023,9:57,Rain,2
NYPD-846856,40.784921,-73.938928,Robbery,11/16/2023,21:12,Clear,6
NYPD-759797,40.708946,-74.004229,Theft,3/8/2023,18:22,Clear,4
NYPD-973364,40.725693,-74.00137,Theft,4/20/2023,12:56,Fog,2
NYPD-571721,40.714747,-73.986578,Theft,8/28/2023,20:18,Rain,4
NYPD-656481,40.696888,-74.009216,Burglary,9/23/2023,19:30,Clear,4
NYPD-296460,40.710652,-74.000806,Assault,10/21/2023,2:11,Fog,10
NYPD-655594,40.709842,-74.018235,Assault,2/20/2023,5:56,Clear,8
NYPD-157078,40.745418,-74.014263,Narcotics,4/8/2023,4:15,Clear,3
NYPD-375891,40.707666,-74.014984,Vandalism,8/20/2023,8:51,Clear,4
NYPD-ACT-142736,31.9059024,35.1984346,Burglary,4/6/2026,14:27,Clear,6
